Date,Afghanistan,Albania,Algeria,Andorra,Angola,Antigua and Barbuda,Argentina,Armenia,Australia,Austria,Azerbaijan,Bahamas,Bahrain,Bangladesh,Barbados,Belarus,Belgium,Belize,Benin,Bhutan,Bolivia,Bosnia and Herzegovina,Botswana,Brazil,Brunei,Bulgaria,Burkina Faso,Burundi,Cambodia,Cameroon,Canada,Cape Verde,Central African Republic,Chad,Chile,China,Colombia,Comoros,Congo,Costa Rica,Croatia,Cuba,Cyprus,Czechia,Denmark,Djibouti,Dominica,Dominican Republic,East Timor,Ecuador,Egypt,El Salvador,Equatorial Guinea,Eritrea,Estonia,Eswatini,Ethiopia,Fiji,Finland,France,Gabon,Gambia,Georgia,Germany,Ghana,Greece,Grenada,Guatemala,Guinea,Guinea-Bissau,Guyana,Haiti,Honduras,Hong Kong,Hungary,Iceland,India,Indonesia,Iran,Iraq,Ireland,Israel,Italy,Ivory Coast,Jamaica,Japan,Jordan,Kazakhstan,Kenya,Kosovo,Kuwait,Kyrgyzstan,Laos,Latvia,Lebanon,Lesotho,Liberia,Libya,Liechtenstein,Lithuania,Luxembourg,Macau,Madagascar,Malawi,Malaysia,Maldives,Mali,Malta,Mauritania,Mauritius,Mexico,Moldova,Monaco,Mongolia,Montenegro,Morocco,Mozambique,Myanmar,Namibia,Nepal,Netherlands,New Zealand,Nicaragua,Niger,Nigeria,North Macedonia,Norway,Oman,Pakistan,Panama,Papua New Guinea,Paraguay,Peru,Philippines,Poland,Portugal,Qatar,Romania,Russia,Rwanda,Saint Kitts and Nevis,Saint Lucia,Saint Vincent and the Grenadines,San Marino,Sao Tome and Principe,Saudi Arabia,Senegal,Serbia,Seychelles,Sierra Leone,Singapore,Slovakia,Slovenia,Somalia,South Africa,South Korea,South Sudan,Spain,Sri Lanka,Sudan,Suriname,Sweden,Switzerland,Syria,Taiwan,Tajikistan,Tanzania,Thailand,Togo,Trinidad and Tobago,Tunisia,Turkey,USA,Uganda,Ukraine,United Arab Emirates,United Kingdom,Uruguay,Uzbekistan,Vatican City,Venezuela,Vietnam,West Bank and Gaza,Western Sahara,Yemen,Zambia,Zimbabwe
22/1/2020,,,,,,,,,,,,,,,,,,,,,,,,,,,,,,,,,,,,547,,,,,,,,,,,,,,,,,,,,,,,,,,,,,,,,,,,,,,,,,,,,,,,,,,2,,,,,,,,,,,,,,,,1,,,,,,,,,,,,,,,,,,,,,,,,,,,,,,,,,,,,,,,,,,,,,,,,,,,,,,1,,,,,,,,,1,,,2,,,,,1,,,,,,,,,,,,,,
23/1/2020,,,,,,,,,,,,,,,,,,,,,,,,,,,,,,,,,,,,691,,,,,,,,,,,,,,,,,,,,,,,,,,,,,,,,,,,,,,2,,,,,,,,,,,,2,,,,,,,,,,,,,,,,2,,,,,,,,,,,,,,,,,,,,,,,,,,,,,,,,,,,,,,,,,,,,,,,,,1,,,,,1,,,,,,,,,1,,,3,,,,,1,,,,,,,,,2,,,,,
24/1/2020,,,,,,,,,,,,,,,,,,,,,,,,,,,,,,,,,,,,922,,,,,,,,,,,,,,,,,,,,,,,,2,,,,,,,,,,,,,,2,,,,,,,,,,,,2,,,,,,,,,,,,,,,,2,,,,,,,,,,,,,,,,,,,,,,,,,,,,,,,,,,,,,,,,,,,,,,,,,3,,,,,2,,,,,,,,,3,,,5,,,,,2,,,,,,,,,2,,,,,
25/1/2020,,,,,,,,,,,,,,,,,,,,,,,,,,,,,,,,,,,,1415,,,,,,,,,,,,,,,,,,,,,,,,3,,,,,,,,,,,,,,5,,,,,,,,,,,,2,,,,,,,,,,,,,,,,2,,,3,,,,,,,,,,,,,,,1,,,,,,,,,,,,,,,,,,,,,,,,,,,,,,,3,,,,,2,,,,,,,,,3,,,7,,,,,2,,,,,,,,,2,,,,,
26/1/2020,,,,,,,,,4,,,,,,,,,,,,,,,,,,,,,,1,,,,,2062,,,,,,,,,,,,,,,,,,,,,,,,3,,,,,,,,,,,,,,8,,,,,,,,,,,,4,,,,,,,,,,,,,,,,5,,,4,,,,,,,,,,,,,,,1,,,,,,,,,,,,,,,,,,,,,,,,,,,,,,,4,,,,,3,,,,,,,,,4,,,8,,,,,5,,,,,,,,,2,,,,,
27/1/2020,,,,,,,,,5,,,,,,,,,,,,,,,,,,,,1,,1,,,,,2863,,,,,,,,,,,,,,,,,,,,,,,,3,,,,1,,,,,,,,,,8,,,,,,,,,,,,4,,,,,,,,,,,,,,,,6,,,4,,,,,,,,,,,,,,,1,,,,,,,,,,,,,,,,,,,,,,,,,,,,,,,5,,,,,4,,,1,,,,,,5,,,11,,,,,5,,,,,,,,,2,,,,,
28/1/2020,,,,,,,,,5,,,,,,,,,,,,,,,,,,,,1,,2,,,,,5494,,,,,,,,,,,,,,,,,,,,,,,,4,,,,4,,,,,,,,,,8,,,,,,,,,,,,7,,,,,,,,,,,,,,,,7,,,4,,,,,,,,,,,,,,,1,,,,,,,,,,,,,,,,,,,,,,,,,,,,,,,7,,,,,4,,,1,,,,,,8,,,14,,,,,5,,,,,,,,,2,,,,,
29/1/2020,,,,,,,,,6,,,,,,,,,,,,,,,,,,,,1,,2,,,,,6775,,,,,,,,,,,,,,,,,,,,,,,1,5,,,,4,,,,,,,,,,10,,,,,,,,,,,,7,,,,,,,,,,,,,,,,7,,,7,,,,,,,,,,,,,,,1,,,,,,,,,,,,,,,,,,,,,,,,,,,,,,,7,,,,,4,,,1,,,,,,8,,,14,,,,,5,,,4,,,,,,2,,,,,
30/1/2020,,,,,,,,,8,,,,,,,,,,,,,,,,,,,,1,,2,,,,,8124,,,,,,,,,,,,,,,,,,,,,,,1,5,,,,4,,,,,,,,,,10,,,1,,,,,,,,,11,,,,,,,,,,,,,,,,7,,,8,,,,,,,,,,,,,,,1,,,,,,,,,,,,,,1,,,,,,,,,,,,,,,,,10,,,,,8,,,1,,,,,,9,,,16,,,,,5,,,4,,,,,,2,,,,,
31/1/2020,,,,,,,,,9,,,,,,,,,,,,,,,,,,,,1,,4,,,,,9783,,,,,,,,,,,,,,,,,,,,,,,1,5,,,,5,,,,,,,,,,12,,,1,,,,,,2,,,15,,,,,,,,,,,,,,,,7,,,8,,,,,,,,,,,,,,,1,,,,,,,,,,,,,,1,,,,,2,,,,,,,,,,,,13,,,,,11,,,1,,,1,,,10,,,19,,,,,7,,,4,2,,,,,2,,,,,
1/2/2020,,,,,,,,,11,,,,,,,,,,,,,,,,,,,,1,,4,,,,,11876,,,,,,,,,,,,,,,,,,,,,,,1,6,,,,8,,,,,,,,,,13,,,1,,,,,,2,,,20,,,,,,,,,,,,,,,,7,,,8,,,,,,,,,,,,,,,1,,,,,,,,,,,,,,1,,,,,2,,,,,,,,,,,,16,,,,,12,,1,1,,,1,,,10,,,19,,,,,8,,,4,2,,,,,6,,,,,
2/2/2020,,,,,,,,,12,,,,,,,,,,,,,,,,,,,,1,,4,,,,,16607,,,,,,,,,,,,,,,,,,,,,,,1,6,,,,10,,,,,,,,,,15,,,2,,,,,,2,,,20,,,,,,,,,,,,,,,,8,,,8,,,,,,,,,,,,,,,1,,,,,,,,,,,,,,2,,,,,2,,,,,,,,,,,,18,,,,,15,,1,1,,,1,,,10,,,19,,,,,8,,,5,2,,,,,6,,,,,
3/2/2020,,,,,,,,,12,,,,,,,,,,,,,,,,,,,,1,,4,,,,,19693,,,,,,,,,,,,,,,,,,,,,,,1,6,,,,12,,,,,,,,,,15,,,3,,,,,,2,,,20,,,,,,,,,,,,,,,,8,,,8,,,,,,,,,,,,,,,1,,,,,,,,,,,,,,2,,,,,2,,,,,,,,,,,,21,,,,,15,,1,1,,,1,,,10,,,22,,,,,11,,,5,2,,,,,8,,,,,
4/2/2020,,,,,,,,,13,,,,,,,,1,,,,,,,,,,,,1,,4,,,,,23680,,,,,,,,,,,,,,,,,,,,,,,1,6,,,,12,,,,,,,,,,17,,,3,,,,,,2,,,22,,,,,,,,,,,,,,,,10,,,10,,,,,,,,,,,,,,,1,,,,,,,,,,,,,,2,,,,,2,,,,,,,,,,,,24,,,,,16,,1,1,,,1,,,11,,,25,,,,,11,,,5,2,,,,,8,,,,,
5/2/2020,,,,,,,,,13,,,,,,,,1,,,,,,,,,,,,1,,5,,,,,27419,,,,,,,,,,,,,,,,,,,,,,,1,6,,,,12,,,,,,,,,,21,,,3,,,,,,2,,,22,,,,,,,,,,,,,,,,10,,,12,,,,,,,,,,,,,,,1,,,,,,,,,,,,,,2,,,,,2,,,,,,,,,,,,28,,,,,19,,1,1,,,1,,,14,,,25,,,,,11,,,5,2,,,,,8,,,,,
6/2/2020,,,,,,,,,14,,,,,,,,1,,,,,,,,,,,,1,,5,,,,,30555,,,,,,,,,,,,,,,,,,,,,,,1,6,,,,12,,,,,,,,,,24,,,3,,,,,,2,,,22,,,,,,,,,,,,,,,,10,,,12,,,,,,,,,,,,,,,1,,,,,,,,,,,,,,2,,,,,2,,,,,,,,,,,,28,,,,,23,,1,1,,,1,,,16,,,25,,,,,11,,,5,2,,,,,10,,,,,
7/2/2020,,,,,,,,,15,,,,,,,,1,,,,,,,,,,,,1,,7,,,,,34075,,,,,,,,,,,,,,,,,,,,,,,1,8,,,,13,,,,,,,,,,25,,,3,,,,,,3,,,25,,,,,,,,,,,,,,,,10,,,12,,,,,,,,,,,,,,,1,,,,,,,,,,,,,,3,,,,,2,,,,,,,,,,,,30,,,,,24,,1,1,,,1,,,16,,,28,,,,,11,,,5,3,,,,,10,,,,,
8/2/2020,,,,,,,,,15,,,,,,,,1,,,,,,,,,,,,1,,7,,,,,36797,,,,,,,,,,,,,,,,,,,,,,,1,11,,,,13,,,,,,,,,,26,,,3,,,,,,3,,,25,,,,,,,,,,,,,,,,10,,,16,,,,,,,,,,,,,,,1,,,,,,,,,,,,,,3,,,,,2,,,,,,,,,,,,33,,,,,24,,1,1,,,1,,,17,,,32,,,,,11,,,7,3,,,,,13,,,,,
9/2/2020,,,,,,,,,15,,,,,,,,1,,,,,,,,,,,,1,,7,,,,,39790,,,,,,,,,,,,,,,,,,,,,,,1,11,,,,14,,,,,,,,,,29,,,3,,,,,,3,,,26,,,,,,,,,,,,,,,,10,,,16,,,,,,,,,,,,,,,1,,,,,,,,,,,,,,3,,,,,2,,,,,,,,,,,,40,,,,,25,,2,1,,,1,,,18,,,32,,,,,11,,,7,6,,,,,13,,,,,
10/2/2020,,,,,,,,,15,,,,,,,,1,,,,,,,,,,,,1,,7,,,,,42309,,,,,,,,,,,,,,,,,,,,,,,1,11,,,,14,,,,,,,,,,38,,,3,,,,,,3,,,26,,,,,,,,,,,,,,,,10,,,18,,,,,,,,,,,,,,,1,,,,,,,,,,,,,,3,,,,,2,,,,,,,,,,,,45,,,,,27,,2,1,,,1,,,18,,,32,,,,,11,,,8,8,,,,,14,,,,,
11/2/2020,,,,,,,,,15,,,,,,,,1,,,,,,,,,,,,1,,7,,,,,44327,,,,,,,,,,,,,,,,,,,,,,,1,11,,,,16,,,,,,,,,,49,,,3,,,,,,3,,,26,,,,,,,,,,,,,,,,10,,,18,,,,,,,,,,,,,,,1,,,,,,,,,,,,,,3,,,,,2,,,,,,,,,,,,47,,,,,28,,2,1,,,1,,,18,,,33,,,,,12,,,8,8,,,,,15,,,,,
12/2/2020,,,,,,,,,15,,,,,,,,1,,,,,,,,,,,,1,,7,,,,,52119,,,,,,,,,,,,,,,,,,,,,,,1,11,,,,16,,,,,,,,,,50,,,3,,,,,,3,,,28,,,,,,,,,,,,,,,,10,,,18,,,,,,,,,,,,,,,1,,,,,,,,,,,,,,3,,,,,2,,,,,,,,,,,,50,,,,,28,,2,1,,,1,,,18,,,33,,,,,12,,,8,9,,,,,15,,,,,
13/2/2020,,,,,,,,,15,,,,,,,,1,,,,,,,,,,,,1,,7,,,,,59832,,,,,,,,,,,,,,,,,,,,,,,1,11,,,,16,,,,,,,,,,53,,,3,,,,,,3,,,28,,,,,,,,,,,,,,,,10,,,19,,,,,,,,,,,,,,,1,,,,,,,,,,,,,,3,,,,,2,,,,,,,,,,,,58,,,,,28,,2,1,,,1,,,18,,,33,,,,,13,,,8,9,,,,,16,,,,,
14/2/2020,,,,,,,,,15,,,,,,,,1,,,,,,,,,,,,1,,7,,,,,66292,,,,,,,,,,,,,,,1,,,,,,,,1,11,,,,16,,,,,,,,,,56,,,3,,,,,,3,,,36,,,,,,,,,,,,,,,,10,,,19,,,,,,,,,,,,,,,1,,,,,,,,,,,,,,3,,,,,2,,,,,,,,,,,,67,,,,,28,,2,1,,,1,,,18,,,33,,,,,13,,,8,9,,,,,16,,,,,
15/2/2020,,,,,,,,,15,,,,,,,,1,,,,,,,,,,,,1,,7,,,,,68347,,,,,,,,,,,,,,,1,,,,,,,,1,12,,,,16,,,,,,,,,,56,,,3,,,,,,3,,,43,,,,,,,,,,,,,,,,10,,,22,,,,,,,,,,,,,,,1,,,,,,,,,,,,,,3,,,,,2,,,,,,,,,,,,72,,,,,28,,2,1,,,1,,,18,,,33,,,,,13,,,8,9,,,,,16,,,,,
16/2/2020,,,,,,,,,15,,,,,,,,1,,,,,,,,,,,,1,,7,,,,,70446,,,,,,,,,,,,,,,1,,,,,,,,1,12,,,,16,,,,,,,,,,57,,,3,,,,,,3,,,59,,,,,,,,,,,,,,,,10,,,22,,,,,,,,,,,,,,,1,,,,,,,,,,,,,,3,,,,,2,,,,,,,,,,,,75,,,,,29,,2,1,,,1,,,20,,,34,,,,,13,,,9,9,,,,,16,,,,,
17/2/2020,,,,,,,,,15,,,,,,,,1,,,,,,,,,,,,1,,8,,,,,72364,,,,,,,,,,,,,,,1,,,,,,,,1,12,,,,16,,,,,,,,,,60,,,3,,,,,,3,,,66,,,,,,,,,,,,,,,,10,,,22,,,,,,,,,,,,,,,1,,,,,,,,,,,,,,3,,,,,2,,,,,,,,,,,,77,,,,,30,,2,1,,,1,,,22,,,35,,,,,13,,,9,9,,,,,16,,,,,
18/2/2020,,,,,,,,,15,,,,,,,,1,,,,,,,,,,,,1,,8,,,,,74141,,,,,,,,,,,,,,,1,,,,,,,,1,12,,,,16,,,,,,,,,,62,,,3,,,,,,3,,,74,,,,,,,,,,,,,,,,10,,,22,,,,,,,,,,,,,,,1,,,,,,,,,,,,,,3,,,,,2,,,,,,,,,,,,81,,,,,31,,2,1,,,1,,,22,,,35,,,,,13,,,9,9,,,,,16,,,,,
19/2/2020,,,,,,,,,15,,,,,,,,1,,,,,,,,,,,,1,,8,,,,,74544,,,,,,,,,,,,,,,1,,,,,,,,1,12,,,,16,,,,,,,,,,63,,,3,,2,,,,3,,,84,,,,,,,,,,,,,,,,10,,,22,,,,,,,,,,,,,,,1,,,,,,,,,,,,,,3,,,,,2,,,,,,,,,,,,84,,,,,68,,2,1,,,1,,,23,,,35,,,,,13,,,9,9,,,,,16,,,,,
20/2/2020,,,,,,,,,15,,,,,,,,1,,,,,,,,,,,,1,,8,,,,,75110,,,,,,,,,,,,,,,1,,,,,,,,1,12,,,,16,,,,,,,,,,68,,,3,,5,,,,12,,,94,,,,,,,,,,,,,,,,10,,,22,,,,,,,,,,,,,,,1,,,,,,,,,,,,,,3,,,,,2,,,,,,,,,,,,84,,,,,104,,2,1,,,1,,,24,,,35,,,,,13,,,9,9,,,,,16,,,,,
21/2/2020,,,,,,,,,15,,,,,,,,1,,,,,,,,,,,,1,,9,,,,,75470,,,,,,,,,,,,,,,1,,,,,,,,1,12,,,,16,,,,,,,,,,68,,,3,,18,,,1,20,,,105,,,,,,,,,1,,,,,,,10,,,22,,,,,,,,,,,,,,,1,,,,,,,,,,,,,,3,,,,,2,,,,,,,,,,,,85,,,,,204,,2,1,,,1,,,26,,,35,,,,,15,,,9,9,,,,,16,,,,,
22/2/2020,,,,,,,,,15,,,,,,,,1,,,,,,,,,,,,1,,9,,,,,76920,,,,,,,,,,,,,,,1,,,,,,,,1,12,,,,16,,,,,,,,,,69,,,3,,28,,,1,62,,,122,,,,,,,,,1,,,,,,,10,,,22,,,,,,,,,,,,,,,1,,,,,,,,,,,,,,3,,,,,2,,,,,,,,,,,,85,,,,,433,,2,1,,,1,,,26,,,35,,,,,15,,,13,9,,,,,16,,,,,
23/2/2020,,,,,,,,,15,,,,,,,,1,,,,,,,,,,,,1,,9,,,,,77038,,,,,,,,,,,,,,,1,,,,,,,,1,12,,,,16,,,,,,,,,,74,,,3,,43,,,1,155,,,147,,,,,,,,,1,,,,,,,10,,,22,,,,,,,,,,,,,,,1,,,,,,,,,,,,,,3,,,,,2,,,,,,,,,,,,89,,,,,602,,2,1,,,1,,,28,,,35,,,,,15,,,13,9,,,,,16,,,,,
24/2/2020,1,,,,,,,,15,,,,1,,,,1,,,,,,,,,,,,1,,10,,,,,77150,,,,,,,,,,,,,,,1,,,,,,,,1,12,,,,16,,,,,,,,,,79,,,3,,61,1,,1,229,,,159,,,,,1,,,,1,,,,,,,10,,,22,,,,,,,,,,,,,,,1,,,,,,,,2,,,,,,3,,,,,2,,,,,,,,,,,,89,,,,,833,,2,1,,,1,,,30,,,35,,,,,15,,,13,13,,,,,16,,,,,
25/2/2020,1,,1,,,,,,15,2,,,23,,,,1,,,,,,,,,,,,1,,11,,,,,77658,,,,,1,,,,,,,,,,1,,,,,,,,1,14,,,,17,,,,,,,,,,84,,,3,,95,1,,1,322,,,170,,,,,11,,,,1,,,,,,,10,,,22,,,,,,,,,,,,,,,1,,,,,,,,2,2,,,,,3,,,,,2,,,,,,,,,,,,91,,,,,977,,6,1,,,1,1,,31,,,37,,,,,15,,,13,13,,,,,16,,,,,
26/2/2020,1,,1,,,,,,15,2,,,33,,,,1,,,,,,,1,,,,,1,,11,,,,,78068,,,,,3,,,,,,,,,,1,,,,,,,,2,18,,,1,27,,1,,,,,,,,91,,,3,,139,5,,2,453,,,189,,,,,26,,,,2,,,,,,,10,,,22,,,,,,,,,,,,,,,1,,,,,,1,1,4,2,,,,,3,,,,1,2,,,,,,,,,,,,93,,,,,1261,,13,1,,,2,1,,32,,,40,,,,,15,,,13,13,,,,,16,,,,,
27/2/2020,1,,1,,,,,,15,3,,,33,,,,1,,,,,,,1,,,,,1,,13,,,,,78496,,,,,3,,,,1,,,,,,1,,,,1,,,,2,38,,,1,46,,3,,,,,,,,92,,,3,,245,7,,3,655,,,214,,,,,43,,,,2,,,,,,,10,,,23,,,,,,,,,,,,,,,1,1,,,,,1,1,4,2,,,,,3,,,,1,2,,,,,1,,,,,,,93,,,,,1766,,15,1,,,7,8,,32,,,40,,,,,16,,,16,15,,,,,16,,,,,
28/2/2020,1,,1,,,,,,15,6,,,36,,,1,1,,,,,,,1,,,,,1,,16,,,,,78821,,,,,5,,,,1,,,,,,1,,,,1,,,,2,57,,,1,62,,4,,,,,,,,94,,1,3,,388,10,,4,888,,,228,,,,,45,,,,2,,,,,1,,10,,,23,,,,,,1,,,,,,,,,1,1,1,,,1,1,6,4,4,,,,,3,,,,3,2,,,,,1,,,,,,,98,,,,,2337,,32,1,,,10,13,,34,,,41,,,,,20,,,19,20,,,,,16,,,,,
29/2/2020,1,,1,,,,,,25,9,,,41,,,1,1,,,,,,,2,,,,,1,,20,,,,,79248,,,,,6,,,,3,,,,,,1,,,,1,,,,3,100,,,1,79,,4,,,,,,,,95,,1,3,,593,13,1,7,1128,,,241,,,,,45,,,,4,,,,,1,1,10,,,25,,,,,,4,,1,,,,,,,1,6,1,,,1,1,15,6,4,,,,,3,,,1,3,2,,,,,1,,,,,,,102,,,,,3150,,45,1,,,12,18,,39,,,42,,,,,24,,,21,23,,,,,16,,,,,
1/3/2020,1,,1,,,,,1,27,14,3,,47,,,1,2,,,,,,,2,,,,,1,,24,,,,,79823,,,,,7,,,3,4,,,1,,6,2,,,,1,,,,6,130,,,3,130,,7,,,,,,,,96,,3,3,,978,19,1,10,1694,,,256,,,,,50,,,,10,,,,,1,1,10,,,29,,,,,,5,,1,,,,,,,1,10,1,,,1,1,19,6,4,,,,,3,,,3,3,2,,,,,1,,,,,,,106,,,,,3736,,84,1,,,14,27,,40,,,42,,,,,30,,,21,36,,,,,16,,,,,
2/3/2020,1,,3,1,,,,1,34,18,3,,49,,,1,8,,,,,,,2,,,,,1,,27,,,,,80023,,,,,7,,,3,4,,,1,,6,2,,,,1,,,,6,191,,,3,159,,7,,,,,,,,100,,6,5,2,1501,26,1,10,2036,,,274,,,,,56,,,1,13,,,,,1,1,10,,,32,,,,,,5,,1,,,1,,,,1,18,1,,,1,1,25,9,5,,,,,3,,2,3,3,3,,,,,8,,1,1,,,,108,,,,,4335,,120,1,,,15,42,,41,,,43,,,,,53,,,24,40,,,,,16,,,,,
3/3/2020,1,,5,1,,,1,1,39,21,3,,49,,,1,13,,,,,,,2,,,,,1,,30,,,,1,80148,,,,,9,,,5,6,,,1,,7,2,,,,2,,,,6,204,,,3,196,,7,,,,,,,,102,,11,16,2,2336,32,2,12,2502,,,293,1,,,,56,,,1,13,,,,,1,1,10,,,36,,,,,,5,,1,,,1,,,,1,24,1,,,1,1,32,12,5,,,,,3,,2,7,3,3,,,,,10,,1,2,,,,110,,,,,5186,,165,1,,,21,56,,42,,,43,,,,,73,,1,27,51,,,,,16,,,,,
4/3/2020,1,,12,1,,,1,1,51,29,3,,52,,,6,23,,,,,,,4,,,,,1,,33,,,,1,80273,,,,,10,,,8,11,,,1,,10,2,,,,2,,,,9,286,,,3,262,,19,,,,,,,,105,2,26,28,2,2922,35,6,15,3089,,,331,1,,,,56,,,1,13,,,,1,1,1,10,,,50,,,,,,5,,1,,,1,,,,1,38,3,,,1,1,56,15,5,,,,,3,1,5,8,4,3,,,,,16,,1,4,,,,114,,,,,5621,,222,1,,,35,90,,42,,,43,,,1,,104,,1,27,86,,,,,16,,,,,
5/3/2020,1,,14,1,,,1,1,54,41,6,,55,,,6,50,,,,,2,,8,,,,,1,,37,,,,4,80419,,,,,10,,,12,17,,,1,,13,8,,,,3,,,,12,378,,,4,482,,31,,,,,,,,105,2,34,30,2,3513,38,12,20,3858,,,360,1,,,,58,,,1,16,,,,1,1,1,10,,,66,,,,,,5,,1,,,2,,,,1,82,3,,,1,1,87,16,6,,,,,3,1,8,8,6,4,,,,,21,,5,4,,,,117,,2,,1,6088,,259,1,,,94,114,,44,,,47,,,1,,174,,1,29,116,,,,,16,4,,,,
6/3/2020,1,,17,1,,,2,1,60,55,6,,60,,,6,109,,,1,,2,,13,,,,,1,1,49,,,,4,80570,1,,,1,11,,,18,24,,,2,,13,15,,,,10,,,,15,654,,,4,670,,45,,,,,,,,107,2,43,31,4,4747,40,18,37,4636,,,420,1,,,,58,,,1,22,,,,1,1,2,10,,,83,,,,,,6,,1,,,2,,,,1,128,4,,,1,3,108,16,6,,,,1,5,5,13,8,9,13,,,,,21,,5,4,1,,,130,1,7,,1,6593,,400,1,,,101,214,,45,,,48,1,,1,,222,,1,37,164,,,1,,16,7,,,,
7/3/2020,1,,17,1,,,8,1,63,79,9,,85,,,6,169,,,1,,3,,16,,,,,1,1,57,,,,4,80649,1,,,1,12,,,24,30,,,2,,13,32,,,,10,,,,19,957,,,8,799,,59,,,,,,,,108,4,50,34,4,5823,54,18,43,5883,,,461,1,,,,61,,,1,27,,,,1,1,2,10,,,93,,,3,,,6,,1,,,2,,,,1,188,5,,,1,3,147,16,6,,,,1,6,8,20,12,12,13,,,,,23,,8,4,1,,,138,1,12,,1,7041,,500,1,,,161,268,,45,,,50,1,,1,,337,,1,45,207,,,1,,18,16,,,,
8/3/2020,4,,19,1,,,12,1,76,104,9,,90,3,,6,200,,,1,,3,,20,,4,,,2,2,64,,,,8,80696,1,,,5,12,,,31,37,,,5,,14,49,,,,10,,,,23,1134,,,13,1040,,73,,,,,,,,114,7,54,39,6,6566,60,19,61,7375,,,502,1,,,,64,,,2,32,,,,1,1,3,10,,,99,4,,3,,,7,1,1,,,2,,,,1,265,5,,,1,3,176,16,11,,,1,6,10,11,30,15,15,17,,,,,36,,11,4,1,,,150,3,16,,3,7314,,673,1,,,203,337,,45,,,50,1,,2,,451,,1,45,274,,,1,,30,16,,,,
9/3/2020,4,2,20,1,,,14,1,91,131,9,,95,3,,6,239,,,1,,3,,25,1,4,,,2,2,77,,,,10,80732,1,,,9,12,,2,36,92,,,5,,15,55,,,,10,,,,30,1219,,,15,1176,,81,,,,,,,,115,9,58,43,19,7161,66,21,68,9172,,,511,1,,,,66,,,6,36,,,,1,1,3,10,,,117,4,,3,,,7,1,1,,,2,,,,1,321,5,,,2,3,205,16,16,,,1,7,20,16,36,18,20,17,,,,,44,,15,4,1,,,155,3,24,,3,7478,,1073,1,,,248,374,,45,,,50,1,,2,,519,,1,60,322,,,1,,30,19,,,,
10/3/2020,5,10,20,1,,,17,1,107,182,11,,110,3,,9,267,,,1,,5,,31,1,4,1,,2,2,89,,,,13,80754,3,,,9,14,,3,41,264,,,5,,15,59,,,,12,,,,40,1794,,,20,1457,,89,,,,,,,,120,9,69,56,27,8042,71,34,75,10149,,,581,1,,,,69,,,8,41,,,,1,1,5,10,,,129,6,,5,,,7,3,1,1,,3,,,,1,382,5,,,2,7,400,18,19,1,,1,11,33,22,41,140,25,20,,,,,51,,20,4,5,,,160,7,31,,7,7513,,1695,1,,,355,491,,47,,,53,1,,5,,711,,1,74,384,,,1,,31,26,,,,
11/3/2020,7,12,20,1,,,19,1,128,246,11,,195,3,,9,314,,,1,2,7,,38,11,7,2,,3,2,108,,,,23,80782,9,,1,13,19,,6,91,444,,,5,,17,60,,,,16,,,,59,2293,,,24,1908,,99,,,,,,,2,126,13,85,62,34,9000,71,43,79,12462,1,1,639,1,,,,72,,,10,61,,,,1,3,7,10,,,149,8,,6,,,8,3,1,1,,5,,,,1,503,5,,,2,7,598,18,20,8,,5,11,49,31,59,262,45,24,,,,,62,,32,4,12,,,178,10,57,,13,7755,,2277,2,,,500,652,,48,,,59,1,,7,1,1109,,1,80,459,,,1,,38,30,,,,
12/3/2020,7,23,24,1,,,25,4,162,302,11,,195,3,,12,436,,,1,2,11,,52,24,15,2,,3,2,138,,,,33,80790,9,,1,22,26,3,10,116,617,,,5,,17,67,,,,48,,,,107,2983,,,24,2078,,144,,,,,1,,2,129,16,103,73,52,10075,86,66,100,15113,1,2,670,1,,,,80,,,14,69,,,,1,3,19,10,,,173,8,,9,,,12,3,2,1,,6,,,,1,654,5,,,2,10,702,18,28,11,,5,15,52,49,86,291,49,28,,,,,69,,45,7,19,,,189,16,89,,17,7869,,3754,2,,,599,896,,49,,,70,1,,12,1,1561,,1,85,630,,,1,,39,30,,,,
13/3/2020,7,33,26,1,,1,31,8,200,504,15,,202,3,,27,559,,,1,3,13,,151,37,23,2,,5,2,193,,,,43,80804,13,,2,23,32,4,14,141,804,,,8,,22,80,,,,79,,1,,155,3684,,,25,3675,,190,,,1,,1,,2,134,19,134,82,69,11364,101,90,126,17660,1,8,701,1,4,1,,92,,,17,77,,,,1,6,34,10,,,197,9,,12,,,26,6,2,1,,7,,,,1,806,5,,,2,14,996,19,31,27,,6,28,64,68,112,320,89,45,,,,,80,,86,10,35,,,200,32,141,,24,7979,,5232,6,1,,814,1139,,50,,,75,1,,16,5,2157,,3,85,802,4,,1,,47,31,,,,
14/3/2020,11,38,37,1,,1,34,18,250,655,19,,210,3,,27,689,,,1,10,18,,156,40,41,2,,7,2,210,,,,61,80824,22,,2,26,38,4,26,189,836,,,11,,28,109,,,,115,1,1,,225,4496,1,,30,4585,3,228,,1,1,,1,,2,140,30,156,102,96,12729,110,129,155,21157,1,8,773,1,6,1,,104,,,26,93,,,,4,8,51,10,,,238,10,,18,1,,41,12,2,1,,17,,,2,1,962,6,,,2,14,1090,19,53,36,,6,38,111,103,169,337,123,59,1,,1,1,90,,103,17,46,2,,212,44,181,,38,8086,,6391,10,1,1,961,1359,,53,,,82,1,2,18,5,2870,,3,92,1144,6,,1,2,53,35,,,,
15/3/2020,16,42,48,1,,1,45,26,302,860,23,,214,5,,32,886,,,1,10,24,,162,50,51,8,,7,2,252,,1,,74,80845,34,,2,27,49,4,30,253,875,,,11,,32,130,,1,,171,1,1,,244,5587,1,,33,5795,6,331,,1,1,,4,,3,145,32,171,113,117,13938,116,149,213,24747,1,10,839,8,9,3,,112,,,30,110,,,,4,12,59,10,,,428,13,,21,1,,53,23,2,1,,28,,,2,1,1138,8,,,2,14,1221,22,136,43,,6,43,140,119,245,401,131,63,1,,2,1,101,,110,24,48,2,,226,54,219,,51,8162,,7798,18,1,1,1022,2200,,59,,,114,1,2,18,12,3615,,3,98,1347,18,1,1,10,56,38,,,,
16/3/2020,21,51,54,2,,1,56,52,377,1018,28,1,221,8,,36,1058,,1,1,11,25,,200,54,59,15,,20,4,415,,1,,155,80864,54,,2,35,57,4,33,298,933,,,16,,37,150,,1,,205,1,5,,277,6683,1,,33,7272,6,359,,2,1,,4,,6,155,39,180,119,134,14991,124,169,218,27980,1,10,858,17,21,3,,123,,,34,115,,1,,4,17,77,11,,,566,13,,30,1,,82,26,7,1,,29,,,2,1,1416,8,,,2,18,1333,22,236,55,,8,86,164,177,331,439,158,90,5,,2,1,109,,118,24,55,3,,243,63,253,1,62,8236,,9942,28,1,1,1103,2450,,67,,1,147,1,4,20,18,4360,,7,98,1551,29,6,1,17,61,38,,,,
17/3/2020,22,55,60,39,,1,68,78,456,1332,28,1,228,10,2,44,1243,,1,1,11,32,,321,56,67,18,,33,10,519,,1,,201,80880,65,,3,41,65,5,46,396,1025,,,21,,58,196,,1,,225,1,5,,321,7715,1,1,34,9257,7,387,,6,1,,5,,8,162,50,220,142,172,16169,154,223,250,31506,5,12,878,34,33,3,,130,,,49,120,,1,,7,25,140,12,,,673,13,,38,1,,93,30,7,5,2,38,,,2,1,1711,12,,,3,26,1463,24,299,69,,9,117,187,238,448,446,184,114,7,,2,1,114,,171,26,65,4,,266,72,275,1,89,8320,,11748,44,1,1,1190,2700,,77,,1,177,1,5,24,47,6141,,14,106,1960,50,10,1,33,66,39,,,,
18/3/2020,22,59,74,46,,1,79,84,568,1646,36,1,256,14,2,51,1486,,2,1,12,38,,372,68,92,20,,35,10,657,,1,,238,80903,93,,4,50,81,7,49,464,1116,1,,28,,111,226,,4,,258,1,6,,336,9124,1,1,38,12327,7,418,,6,1,,5,,9,181,58,250,156,227,17361,164,292,304,35713,6,13,889,52,35,3,,142,3,,71,133,,2,,28,27,203,15,,,790,13,,46,1,3,118,40,7,6,2,49,,,2,1,2058,20,,,8,35,1550,39,454,86,,11,145,202,251,616,452,260,147,8,,2,1,119,,222,31,83,4,,313,105,280,1,116,8413,,13910,51,2,1,1279,3028,,100,,3,212,1,7,29,98,8914,,14,113,2644,79,15,1,36,75,41,,,2,
19/3/2020,22,64,87,53,,1,97,115,681,2013,44,3,278,17,5,60,1795,,2,1,12,63,,621,75,110,33,,37,13,800,,1,1,336,80928,102,,14,69,105,11,67,694,1225,1,,34,,199,256,1,6,,267,1,6,1,400,10970,1,1,40,15320,11,456,,9,1,,5,,12,208,73,330,194,311,18407,192,557,427,41035,9,15,924,69,44,7,,148,3,,86,157,,2,,28,36,335,17,,,900,13,,53,2,8,164,49,7,6,8,63,,,3,1,2467,28,1,,8,48,1746,48,501,109,,11,234,217,355,785,460,277,199,12,,2,1,132,,274,34,103,6,,345,123,286,1,150,8565,,17963,60,2,1,1439,4075,,108,,6,272,1,9,39,192,14153,,16,140,3331,94,23,1,42,85,44,,,2,
20/3/2020,24,70,113,75,1,1,128,136,848,2388,48,3,285,20,5,69,2257,,2,2,15,89,,793,78,127,40,,51,20,946,1,3,1,434,80974,128,,18,89,128,16,76,833,1337,1,,72,,367,285,1,6,,283,1,9,1,450,12758,3,1,43,19848,16,495,,12,1,,5,2,24,256,85,409,244,369,19644,208,683,529,47021,12,16,963,85,49,7,,159,6,,111,163,,2,,32,49,484,17,3,,1030,13,,64,2,12,203,66,11,6,14,77,,,3,1,3003,39,1,1,12,67,1914,48,730,137,1,13,276,230,425,1020,470,308,253,17,,2,1,144,,344,38,135,7,,385,137,341,1,202,8652,,20410,73,2,4,1639,5294,,135,,6,322,9,29,54,359,19479,,29,146,4014,110,33,1,56,91,47,,,2,1
21/3/2020,32,76,139,88,2,1,158,160,1071,2814,53,4,305,25,6,76,2815,,2,2,19,93,,1021,83,163,64,,68,27,1277,3,3,1,537,81011,196,,23,117,206,21,84,995,1420,1,,112,,506,294,3,6,1,306,1,9,1,523,14469,4,1,49,22213,19,530,,17,2,,5,2,24,273,103,473,330,450,20610,214,785,712,53578,14,16,1007,98,53,11,,176,14,,124,187,,3,,37,83,670,18,3,,1183,13,,73,2,14,251,80,17,10,18,96,,,3,1,3640,52,2,1,22,85,2118,52,776,200,1,18,318,307,536,1280,481,367,306,17,,2,1,160,,392,47,171,7,,432,178,383,1,240,8799,,25374,77,2,4,1763,6575,,153,,9,411,16,49,60,670,25818,1,47,153,5069,135,43,1,70,94,48,,,2,3
22/3/2020,40,89,201,113,2,1,266,194,1549,3582,65,4,334,27,14,78,3401,,2,2,24,126,,1546,88,187,75,,84,40,1678,3,3,1,632,81090,231,,30,134,254,35,95,1120,1514,1,1,202,1,789,327,3,6,1,326,4,11,2,626,16243,5,1,54,24873,23,624,1,19,2,,5,2,26,317,131,568,396,514,21638,233,906,883,59138,20,19,1101,112,60,15,,188,14,,139,248,,3,,44,143,798,24,8,,1306,13,,90,2,28,316,94,23,10,21,115,1,,3,1,4217,102,2,2,30,115,2385,55,875,313,1,22,363,380,634,1600,494,433,367,19,,2,1,175,,511,67,222,7,,455,185,414,1,274,8961,,28768,82,2,5,1934,7474,1,169,,12,599,16,50,75,1236,33756,1,73,176,5745,158,43,1,74,113,52,,,3,3
23/3/2020,57,104,230,133,3,3,301,235,1785,4474,72,4,377,33,17,81,3743,1,5,2,27,136,,1924,91,201,99,,87,56,2088,3,3,1,746,81122,277,,36,158,315,40,116,1236,1572,3,2,245,1,981,366,3,9,1,352,4,11,3,700,20127,5,2,61,29056,27,695,1,20,4,,5,6,30,356,167,588,499,579,23049,266,1125,1071,63927,25,19,1128,127,62,16,,189,28,,180,267,,3,,51,179,875,24,12,,1518,13,,107,2,36,367,109,23,10,27,143,1,,4,2,4764,128,2,3,40,136,2621,66,972,345,1,24,395,462,749,2060,501,576,438,36,,3,1,187,,562,79,249,7,,509,194,442,1,402,8999,,35136,97,2,5,2046,8795,1,195,,12,721,18,51,89,1529,43845,9,85,198,6726,162,46,1,77,123,59,,,3,3
24/3/2020,74,123,264,164,3,3,387,249,2048,5283,87,5,392,39,18,84,4269,1,6,2,29,166,,2247,104,218,114,,91,66,2796,3,3,3,922,81176,378,,45,177,382,48,124,1394,1718,7,2,312,1,1082,402,5,9,1,369,4,12,4,792,22628,6,3,70,32986,53,743,1,21,4,,5,7,33,386,187,648,536,686,24811,316,1329,1238,69176,73,21,1193,154,72,25,,191,42,2,197,318,,3,1,51,209,1099,25,17,,1624,13,,110,2,42,405,125,27,10,47,170,3,,7,2,5580,155,2,3,44,148,2863,84,1063,394,1,27,416,552,901,2362,526,794,495,40,,3,1,198,,767,86,303,7,,558,204,480,1,554,9037,,39885,102,3,7,2286,9877,1,215,,12,827,20,57,114,1872,54108,12,97,248,8174,189,50,4,84,134,59,,,8,3
25/3/2020,84,146,302,188,3,3,444,265,2434,5588,93,5,419,42,18,86,4937,2,6,2,32,176,,2554,109,242,146,,96,75,3412,4,3,3,1142,81220,470,,48,201,442,57,132,1654,1862,11,7,392,1,1173,456,9,9,4,404,4,12,5,880,25603,6,3,75,37323,93,821,1,24,4,2,5,8,36,410,226,737,657,790,27017,346,1564,2369,74386,80,26,1307,172,81,28,,195,44,3,221,333,,3,1,54,274,1333,30,19,,1796,13,2,129,2,48,475,149,31,10,52,225,5,,7,3,6438,205,2,7,51,177,3084,99,1201,443,1,37,480,636,1051,2995,537,906,658,41,2,3,1,208,,900,99,384,7,,631,216,528,1,709,9137,,49515,102,3,8,2526,10897,5,235,,12,934,23,60,173,2433,66044,14,145,333,9640,217,60,4,91,141,72,,,12,3
26/3/2020,94,174,367,224,4,7,502,290,2810,6909,122,9,458,44,21,90,6235,2,6,2,43,191,,2985,114,264,152,,96,83,4042,4,3,3,1306,81294,491,,51,231,495,67,146,1925,2023,11,11,488,1,1403,495,13,12,6,538,6,12,5,958,29566,7,3,79,43938,132,892,7,25,4,2,5,8,52,453,261,802,727,893,29406,382,1819,2693,80589,96,26,1387,212,111,31,71,208,51,6,244,368,,3,1,56,299,1453,31,23,,2031,13,4,134,3,81,585,177,33,11,69,275,7,,8,3,7468,283,2,10,65,201,3369,109,1373,558,1,41,580,707,1221,3544,549,1029,840,50,2,3,1,216,,1012,105,420,7,,683,226,562,2,927,9241,,57786,106,3,8,2840,11811,5,252,,13,1045,23,65,197,3629,84080,18,196,369,11812,238,75,4,107,153,84,,,16,3
27/3/2020,110,186,409,267,4,7,589,329,3173,7657,165,10,466,48,24,94,7284,2,6,3,61,237,,3417,115,293,180,,99,91,4780,5,3,3,1610,81341,539,,51,263,586,80,162,2279,2200,12,11,581,1,1595,536,16,12,6,575,9,16,5,1041,33417,7,3,83,50871,137,966,7,28,8,2,5,8,68,519,300,890,887,1046,32332,458,2121,3035,86498,101,26,1468,235,150,34,86,225,58,6,280,391,,3,1,56,358,1605,33,26,,2161,16,11,139,3,94,717,199,42,11,82,345,7,8,8,4,8647,368,2,10,70,219,3755,131,1495,674,1,52,635,803,1389,4268,562,1292,1036,54,2,3,1,223,,1104,119,457,7,,732,269,632,3,1170,9332,,65719,110,3,8,3069,12928,5,267,,13,1136,25,66,227,5698,102254,23,310,405,14745,274,88,4,113,163,91,,,22,5
28/3/2020,115,197,454,308,5,7,690,407,3640,8271,182,10,476,48,26,94,9134,2,6,3,74,258,,3904,120,331,207,,99,115,5616,5,3,3,1909,81397,608,,65,295,657,119,179,2631,2366,14,11,719,1,1823,576,19,12,9,645,9,18,5,1167,38105,7,3,90,57695,141,1061,7,34,12,2,8,12,95,561,343,963,987,1155,35408,506,2415,3619,92472,133,30,1693,246,228,38,91,235,71,8,305,412,,3,3,56,394,1831,37,32,,2320,16,18,149,5,102,848,231,42,12,84,402,8,8,8,5,9819,451,4,14,89,241,4015,152,1597,786,1,56,671,1075,1638,5170,590,1452,1264,60,2,6,1,224,,1203,130,659,8,,802,292,684,3,1187,9478,,73235,113,5,8,3447,14076,5,283,,14,1245,25,74,278,7402,122054,30,356,468,17315,303,104,6,119,174,98,,,28,7
29/3/2020,120,212,511,334,7,7,745,424,3984,8788,209,11,499,48,33,123,10836,2,6,4,81,323,,4256,126,346,222,,103,139,6326,6,3,3,2139,81439,702,,65,314,713,139,214,2817,2564,18,11,859,1,1924,609,24,12,12,679,9,21,5,1240,40749,7,4,96,62095,152,1156,9,34,16,2,8,15,110,641,408,1020,1024,1285,38309,547,2615,4247,97689,165,32,1866,259,284,42,94,255,84,8,347,438,,3,8,59,460,1950,37,39,,2470,17,22,151,5,107,993,263,46,12,85,479,8,10,11,5,10930,514,4,18,111,259,4284,167,1717,901,1,59,852,1418,1862,5962,634,1815,1534,70,2,9,1,227,,1299,142,741,8,,844,314,730,3,1280,9583,,80110,117,6,8,3700,14829,9,298,,16,1388,28,78,312,9217,141194,33,475,570,19780,309,144,6,127,188,109,,,29,7
30/3/2020,170,223,584,370,7,7,820,482,4361,9618,273,14,515,49,33,152,11899,3,6,4,97,368,3,4579,127,359,246,,107,166,7412,6,3,5,2449,81473,798,,81,330,790,170,230,3001,2755,24,11,901,1,1962,656,30,12,12,715,9,23,5,1352,45191,12,4,103,66885,156,1212,9,36,22,8,8,15,139,682,447,1086,1251,1414,41495,630,2910,4695,101739,168,36,1910,268,302,50,103,266,94,8,376,446,,3,8,62,491,1988,38,43,,2626,17,25,156,5,128,1094,298,49,12,91,556,8,14,11,5,11819,589,4,27,131,285,4445,179,1938,989,1,64,950,1546,2055,6408,693,2109,1836,72,7,9,1,230,,1453,162,785,8,,879,336,756,3,1326,9661,,87956,122,6,8,4028,15922,10,306,,19,1524,30,82,353,10827,162690,38,548,611,22453,320,149,6,135,203,116,,,35,7
31/3/2020,204,243,716,376,7,7,1054,532,4634,10180,298,18,567,51,34,158,12775,3,9,4,107,420,4,5717,129,399,261,2,109,193,8527,6,3,7,2738,81519,906,,98,347,867,186,262,3308,3039,30,12,1109,1,2240,710,32,12,15,745,9,26,5,1418,52831,16,4,110,71808,161,1314,9,38,26,8,12,15,156,714,492,1135,1397,1528,44605,694,3235,5358,105792,179,40,1953,274,343,59,112,289,107,9,398,470,,3,10,68,537,2178,41,57,,2766,18,28,169,6,143,1215,353,52,12,109,617,8,15,11,5,12672,647,5,50,135,329,4641,192,2118,1181,1,65,1065,2084,2311,7443,781,2245,2337,75,8,13,1,236,,1563,175,900,10,1,926,363,802,5,1353,9786,,95923,143,7,9,4435,16605,10,322,,19,1651,34,87,394,13531,188701,44,645,664,25502,338,172,6,139,212,119,,,35,8
1/4/2020,237,259,847,390,8,7,1094,571,4862,10711,359,21,605,54,40,231,13964,3,13,4,115,459,4,6836,131,422,282,2,109,233,9614,6,3,7,3031,81550,1065,,109,375,963,212,320,3508,3290,33,12,1284,1,2748,779,36,15,18,779,9,29,5,1446,57763,18,4,117,77872,195,1415,9,39,30,9,19,16,172,765,525,1220,1998,1677,47593,728,3447,6092,110574,190,44,2178,278,380,81,125,317,111,10,446,479,,6,10,72,581,2319,41,57,,2908,19,31,188,6,161,1378,423,55,14,123,654,10,18,14,5,13699,708,5,74,174,354,4863,210,2421,1249,1,69,1323,2311,2554,8251,835,2460,2777,82,8,13,1,240,,1720,190,1060,10,2,1000,400,841,5,1380,9887,,104118,146,7,10,4947,17768,13,329,,20,1771,36,90,423,15679,214194,44,794,814,29864,350,181,6,143,218,134,,,36,8
2/4/2020,273,277,986,428,8,9,1133,663,5131,11129,400,24,643,56,46,304,15348,3,13,5,123,533,4,8044,133,457,288,3,110,306,11284,6,6,8,3404,81584,1161,,134,396,1011,233,356,3858,3573,40,12,1380,1,3163,865,41,15,22,858,9,32,7,1518,59931,21,4,134,84794,204,1544,10,47,52,12,19,16,219,802,585,1319,2543,1790,50468,772,3849,6857,115242,194,47,2495,299,435,110,125,342,116,10,458,494,,6,11,75,649,2487,41,59,3,3116,19,36,196,6,169,1510,505,60,14,144,708,10,20,14,6,14788,797,5,98,184,384,5147,231,2686,1317,1,77,1414,2633,2946,9034,949,2738,3548,84,9,13,2,245,,1885,195,1171,10,2,1049,426,897,5,1462,9976,,112065,151,8,10,5568,18827,16,339,,20,1875,39,94,455,18135,244593,45,897,1024,34173,369,205,7,146,233,161,,,39,9
3/4/2020,281,304,1171,439,8,15,1265,736,5348,11524,443,24,672,61,51,351,16770,4,16,5,132,579,4,9056,134,485,302,3,114,509,12490,6,8,8,3737,81618,1267,,134,416,1079,269,396,4091,3946,49,12,1488,1,3368,985,46,16,26,961,9,35,10,1615,65201,21,4,155,91159,205,1613,12,50,73,15,23,18,242,845,623,1364,2812,1986,53183,820,4273,7428,119827,218,50,2617,310,464,122,126,417,130,10,493,508,,7,14,75,696,2612,43,70,3,3333,19,39,202,6,186,1688,591,64,14,174,791,10,20,14,6,15821,868,5,120,210,430,5370,252,2818,1475,1,92,1595,3018,3383,9886,1075,3183,4149,89,9,13,3,252,,2039,207,1476,10,2,1114,450,934,7,1505,10062,,119199,159,10,10,6131,19606,16,348,,20,1978,40,98,495,20921,276535,48,1072,1264,38693,386,227,7,153,237,194,,,39,9
4/4/2020,299,333,1251,466,10,15,1451,770,5550,11781,521,28,688,70,52,440,18431,4,19,5,139,624,4,10360,135,503,318,3,114,555,13937,7,8,9,4161,81633,1406,,154,435,1126,288,426,4472,4269,50,14,1616,1,3465,1070,56,16,29,1039,9,38,12,1882,69500,21,4,162,96092,210,1673,12,61,111,18,23,20,264,862,678,1417,3082,2092,55743,878,4604,7851,124632,245,53,3139,323,531,126,135,479,144,10,509,520,,10,18,77,771,2729,43,70,4,3483,19,41,213,6,196,1890,752,66,14,201,919,10,21,14,9,16727,950,5,144,214,483,5550,277,3157,1673,1,96,1746,3094,3627,10524,1325,3613,4731,102,9,14,7,259,,2179,219,1624,10,4,1189,471,977,7,1585,10156,,126168,166,10,10,6443,20505,16,355,,20,2067,41,103,553,23934,309699,48,1225,1505,42477,400,266,7,155,240,217,,,39,9
5/4/2020,349,361,1320,501,14,15,1502,822,5687,12051,584,28,700,88,56,562,19691,5,22,5,157,654,6,11130,135,531,345,3,114,650,15780,7,8,9,4471,81663,1485,,154,454,1182,320,446,4587,4561,59,14,1745,1,3646,1173,62,16,29,1097,9,43,12,1927,71417,21,4,174,100123,214,1735,12,66,121,18,24,21,268,890,733,1486,3588,2273,58226,961,4994,8430,128948,261,58,3396,345,584,142,145,556,180,11,533,527,,13,18,77,811,2804,44,72,4,3662,19,45,227,6,227,2143,864,73,14,214,1021,10,21,16,9,17957,1039,6,184,232,555,5687,298,3766,1801,1,104,2281,3246,4102,11278,1604,3864,5389,104,10,14,7,266,,2402,222,1908,10,6,1309,485,997,7,1655,10237,1,131646,176,12,10,6830,21100,19,363,,22,2169,44,104,574,27069,337573,52,1308,1799,48441,406,342,7,159,241,237,4,,39,9
6/4/2020,367,377,1423,525,16,15,1554,833,5796,12297,641,29,756,123,60,700,20814,7,26,5,183,674,6,12161,135,549,364,3,114,658,16764,7,8,9,4815,81702,1579,,161,467,1222,350,465,4822,4875,90,15,1828,1,3747,1322,69,16,31,1108,10,44,14,2176,75355,24,4,188,103374,250,1755,12,70,128,26,31,24,298,914,744,1562,4778,2491,60500,1031,5364,8904,132547,323,60,3654,349,662,158,158,665,216,12,542,541,,14,19,77,843,2843,44,82,5,3793,19,47,241,6,244,2439,965,77,15,233,1120,10,22,16,9,18926,1106,6,253,238,570,5865,331,4035,1988,2,113,2561,3660,4413,11730,1832,4057,6343,105,10,14,7,272,4,2605,226,2200,11,6,1375,534,1021,7,1686,10284,1,136675,178,12,10,7206,21657,19,373,,24,2220,58,105,596,30217,367210,52,1385,2076,52279,415,457,7,165,245,254,4,,39,10
7/4/2020,423,383,1468,545,17,19,1628,853,5904,12639,717,33,811,164,63,861,22194,7,26,5,194,764,6,14034,135,577,384,3,115,694,17884,7,8,10,5116,81746,1780,,180,483,1282,396,494,5017,5266,112,15,1956,1,4098,1450,78,16,31,1149,10,52,15,2308,79165,30,4,196,107663,287,1832,12,77,144,33,33,25,305,935,817,1586,5311,2738,62589,1122,5709,9248,135586,349,63,3906,353,697,172,170,743,228,14,548,548,,22,20,78,880,2970,44,88,8,3963,19,56,293,6,268,2785,1056,79,15,241,1184,14,22,16,9,19709,1160,6,278,254,599,6086,371,4263,2100,2,115,2954,3764,4848,12442,2057,4417,7497,108,11,14,8,279,4,2795,237,2447,11,6,1481,581,1059,8,1749,10331,2,141942,185,14,10,7693,22253,19,376,,24,2258,65,107,623,34109,397992,52,1462,2359,55949,424,520,7,165,249,261,4,,39,11
8/4/2020,444,400,1572,564,19,19,1715,881,6009,12942,822,40,823,218,63,1066,23403,8,26,5,210,804,10,16170,135,593,414,3,117,730,19188,7,8,10,5546,81799,2054,,180,502,1343,457,526,5312,5597,135,15,2111,1,4450,1560,93,18,33,1185,12,55,15,2487,83064,34,4,211,113296,313,1884,12,87,164,33,37,27,312,960,895,1616,5916,2956,64586,1202,6074,9404,139422,384,63,4257,358,727,179,184,855,270,15,577,576,,31,21,78,912,3034,45,93,8,4119,19,59,299,6,273,3181,1174,81,16,248,1275,17,22,16,9,20682,1210,6,342,276,617,6148,419,4489,2249,2,119,4342,3870,5205,13141,2210,4761,8672,110,11,14,8,306,4,2932,244,2666,11,7,1623,682,1091,12,1845,10384,2,148220,189,14,10,8419,23280,19,379,,25,2369,70,107,628,38226,429686,53,1668,2659,61479,456,545,8,167,251,263,4,,39,11
9/4/2020,484,409,1666,583,19,19,1795,921,6107,13244,926,41,887,330,66,1486,24983,9,30,5,264,858,13,18092,135,618,443,3,119,775,20654,7,8,11,5972,81860,2223,,180,539,1407,515,564,5569,5830,142,15,2349,1,4965,1699,103,18,33,1207,12,56,15,2605,87366,44,4,218,118181,378,1955,12,95,194,36,37,30,343,973,980,1648,6725,3293,66220,1232,6574,9968,143626,444,63,4667,372,781,184,217,910,280,16,589,582,,34,24,78,955,3115,45,93,8,4228,19,74,337,7,314,3441,1289,84,16,252,1374,17,23,16,9,21903,1239,7,410,288,663,6211,457,4695,2528,2,124,5256,4076,5575,13956,2376,5202,10131,114,11,14,12,333,4,3287,250,2867,11,7,1910,701,1124,16,1934,10423,3,153222,190,15,10,9141,24051,19,380,,28,2423,73,109,643,42282,464442,53,1892,2990,65872,473,582,8,171,255,263,4,,39,11
10/4/2020,521,416,1761,601,19,19,1975,937,6213,13555,991,42,925,424,67,1981,26667,10,35,5,268,901,13,19638,136,635,464,3,119,820,22059,7,8,11,6501,81914,2473,,215,558,1495,564,595,5732,6014,150,16,2620,2,7161,1794,117,18,34,1258,12,65,16,2769,91738,44,6,234,122171,393,2011,14,126,212,36,41,31,382,989,1190,1675,7598,3512,68192,1279,8089,10408,147577,488,63,5530,376,812,189,250,993,298,16,612,609,,37,24,79,999,3223,45,98,9,4346,19,87,350,7,318,3844,1438,90,16,255,1448,20,27,16,9,23249,1283,7,438,305,711,6314,484,5011,2752,2,129,5897,4195,5955,15472,2512,5467,11917,118,12,15,12,344,4,3651,265,3105,11,8,2108,715,1160,21,2003,10450,4,158273,194,17,10,9685,24551,22,382,,32,2473,76,109,671,47029,497943,53,2203,3360,74605,480,624,8,171,257,267,4,1,40,13
11/4/2020,555,433,1825,620,19,21,2058,967,6301,13806,1058,46,1040,482,68,2226,28018,13,35,5,275,946,13,20727,136,661,484,5,120,820,23315,8,8,14,6927,81990,2709,,223,577,1534,620,616,5831,6191,187,16,2759,2,7257,1939,118,18,34,1304,12,69,16,2905,94863,46,9,242,124908,480,2081,14,137,250,38,45,33,392,1000,1310,1689,8446,3842,70029,1318,8928,10743,152271,533,65,6005,381,865,191,283,1154,339,18,630,619,,48,24,79,1026,3270,45,102,12,4530,19,96,370,7,319,4219,1560,92,16,263,1545,20,38,16,9,24571,1312,8,491,318,760,6409,546,5230,2974,2,133,6848,4428,6356,15987,2728,5990,13584,120,12,15,12,356,4,4033,278,3380,11,8,2299,728,1188,21,2028,10480,4,163027,198,19,10,10151,25107,25,385,,32,2518,76,112,685,52167,527958,53,2511,3736,79882,480,767,8,175,258,268,4,1,40,14
12/4/2020,607,446,1914,638,19,21,2142,1013,6321,13945,1098,46,1136,621,71,2578,29647,14,35,5,300,1009,13,22192,136,675,497,5,122,820,24405,8,8,18,7213,82080,2776,,234,595,1600,669,633,5991,6369,214,16,2967,2,7466,2065,125,21,34,1309,14,71,16,2974,121718,49,9,257,127854,566,2114,14,155,284,38,45,36,393,1004,1410,1701,9205,4241,71686,1352,9655,11145,156363,574,69,6748,389,951,197,283,1234,377,19,651,630,,50,25,79,1053,3281,45,106,13,4683,20,105,378,7,324,4661,1662,93,16,272,1661,21,41,16,12,25746,1330,9,529,323,828,6525,599,5496,3234,2,140,7519,4648,6674,16585,2979,6300,15770,126,12,15,12,356,4,4462,280,3630,11,10,2532,742,1205,25,2173,10512,4,166831,210,24,10,10483,25415,25,388,,40,2551,76,113,707,56956,556517,54,2777,4123,85206,480,865,8,181,262,271,6,1,43,14
13/4/2020,665,467,1983,646,19,23,2208,1039,6350,14041,1148,47,1361,803,72,2919,30589,18,35,5,330,1037,13,23430,136,685,512,5,122,834,25680,10,11,23,7525,82154,2852,,235,612,1650,726,662,6059,6513,298,16,3167,4,7529,2190,137,31,34,1332,15,74,16,3064,125394,57,9,272,130072,601,2145,14,161,319,38,45,40,397,1009,1458,1711,10453,4557,73303,1378,10647,11586,159516,626,73,7370,391,1091,208,335,1300,419,19,655,632,,59,26,79,1062,3292,45,106,16,4817,20,123,384,7,324,5014,1712,93,23,274,1763,24,62,16,14,26710,1349,9,550,343,854,6603,727,5837,3400,2,147,9784,4932,6934,16934,3231,6633,18328,127,12,15,12,364,4,4934,291,4054,11,10,2918,769,1212,60,2272,10537,4,170099,217,29,10,10948,25688,25,393,,49,2579,77,113,726,61049,581810,54,3102,4521,89573,483,998,8,189,265,273,6,1,45,17
14/4/2020,714,475,2070,659,19,23,2277,1067,6414,14226,1197,49,1528,1012,72,3281,31119,18,35,5,354,1083,13,25262,136,713,528,5,122,848,27049,33,11,23,7917,82251,2979,,241,618,1704,766,695,6111,6706,363,16,3286,6,7603,2350,149,41,34,1373,15,82,16,3161,130365,68,9,300,131359,636,2170,14,167,363,40,47,40,407,1012,1512,1720,11487,4839,74877,1400,11479,12046,162488,638,99,7645,397,1232,216,387,1355,430,19,657,641,,59,35,79,1070,3307,45,108,16,4987,20,144,393,7,324,5399,1934,93,30,283,1888,28,68,16,16,27580,1366,9,570,373,908,6623,813,6383,3472,2,159,10303,5223,7202,17448,3428,6879,21102,134,14,15,12,371,4,5369,299,4465,11,11,3252,835,1220,70,2415,10564,4,172541,233,32,10,11445,25936,29,393,,53,2613,77,113,747,65111,608845,55,3372,4933,94857,492,1165,8,193,266,284,6,1,45,20
15/4/2020,784,494,2160,673,19,23,2443,1111,6442,14336,1253,49,1671,1231,73,3728,33573,18,35,5,397,1110,13,28320,136,747,542,5,122,922,28272,56,12,23,8273,82289,3105,,254,626,1741,814,715,6216,6876,435,16,3614,8,7858,2505,159,51,35,1400,15,85,16,3237,133593,80,9,306,134753,638,2192,14,180,404,43,55,41,419,1017,1579,1727,12322,5136,76389,1415,12547,12501,165155,646,125,8100,401,1295,225,418,1405,449,19,666,658,,59,48,79,1091,3373,45,110,16,5072,22,148,399,7,324,5847,2049,93,30,288,2024,29,74,16,16,28316,1386,9,584,407,974,6740,910,6919,3574,2,161,11475,5453,7582,18091,3711,7216,24490,136,14,15,12,398,4,5862,314,4873,11,13,3699,863,1248,80,2506,10591,4,177644,238,32,10,11927,26336,33,395,,88,2643,81,114,780,69392,637974,55,3764,5365,99499,493,1302,8,197,267,291,6,1,48,23
16/4/2020,840,518,2268,684,19,23,2571,1159,6461,14476,1283,53,1700,1572,75,4204,34809,18,35,5,441,1167,15,30425,136,800,546,5,122,996,30809,56,12,27,8807,82499,3233,,267,642,1791,862,735,6433,7074,591,16,3755,18,8225,2673,164,65,35,1434,16,92,17,3369,146080,94,9,348,137698,641,2207,14,196,438,43,59,41,426,1017,1652,1739,13430,5516,77995,1434,13271,12758,168941,654,143,8626,402,1402,234,449,1524,466,19,675,663,,68,49,79,1128,3444,45,111,16,5182,25,171,412,7,324,6297,2154,93,31,303,2283,31,85,16,23,29383,1401,9,606,442,1081,6896,1019,7025,3751,7,174,12491,5660,7918,18841,4103,7707,27938,138,14,15,12,426,4,6380,335,5318,11,15,4427,977,1268,98,2605,10613,4,184948,241,32,10,12540,26732,36,395,,94,2672,81,114,822,74193,669272,55,4161,5825,104145,502,1349,8,204,268,294,6,1,48,23
17/4/2020,906,539,2418,696,22,23,2669,1201,6521,14595,1340,54,1740,1838,75,4779,36138,18,35,5,465,1214,15,33682,136,846,557,5,122,1006,32814,56,12,30,9252,82689,3439,,287,649,1814,923,750,6549,7268,732,16,4126,18,8450,2844,177,79,35,1459,19,96,17,3489,148067,108,9,370,141397,738,2224,14,214,477,43,63,43,442,1021,1763,1754,14352,5923,79494,1482,13980,12982,172434,688,153,9787,407,1546,246,480,1658,489,19,682,668,,76,49,79,1149,3480,45,117,17,5251,28,194,422,7,324,6875,2264,94,31,303,2564,34,88,16,30,30622,1409,9,627,493,1117,6937,1069,7638,4016,7,199,13489,5878,8379,19022,4663,8067,32008,143,14,15,12,435,4,7142,342,5690,11,26,5050,1049,1304,116,2783,10635,4,190839,244,49,10,13216,27078,38,395,,147,2700,83,114,864,78546,701996,55,4662,6302,109769,508,1405,8,216,268,307,6,1,52,24
18/4/2020,933,548,2534,704,24,23,2758,1248,6567,14671,1373,55,1773,2144,75,5297,37183,18,35,5,493,1268,18,36658,137,878,565,5,122,1017,34355,58,12,33,9730,82717,3616,,307,655,1832,986,761,6606,7437,789,16,4335,18,9022,3032,190,79,39,1512,22,105,17,3681,150539,108,9,388,143342,834,2235,14,235,518,46,63,44,457,1024,1834,1760,15722,6248,80868,1513,14758,13265,175925,801,163,10296,413,1615,262,510,1751,506,19,712,672,,84,49,79,1239,3537,45,120,17,5305,35,216,426,7,325,7497,2378,94,31,307,2685,35,98,16,31,31766,1422,9,639,542,1170,7036,1180,8348,4210,7,202,14420,6087,8742,19685,5008,8418,36793,144,14,15,12,455,4,8274,350,5994,11,30,5992,1089,1317,135,3034,10653,4,191726,254,66,10,13822,27404,38,398,,158,2733,84,114,872,82329,730317,55,5106,6542,115314,517,1490,8,227,268,313,6,1,57,25
19/4/2020,996,562,2629,713,24,23,2839,1291,6609,14749,1398,58,1881,2456,75,5807,38496,18,44,5,520,1285,20,38654,138,894,576,5,122,1090,35632,61,12,33,10088,82730,3792,,327,660,1871,1035,767,6746,7580,846,16,4680,19,9468,3144,201,79,39,1528,22,108,17,3783,153011,114,10,394,145184,1042,2240,14,257,579,50,65,47,472,1025,1916,1771,17615,6575,82211,1539,15251,13491,178972,847,173,10797,417,1676,270,561,1915,554,19,727,673,,91,51,81,1298,3550,45,121,17,5389,52,224,427,7,328,8261,2472,94,32,308,2855,39,111,16,31,32838,1431,10,648,627,1207,7078,1266,8956,4273,7,206,15628,6259,9287,20206,5448,8746,42853,147,14,15,12,461,4,9362,367,6318,11,35,6588,1161,1330,164,3158,10661,4,198674,271,86,10,14385,27740,39,420,,170,2765,84,114,879,86306,756375,55,5449,6781,121175,528,1565,8,256,268,319,6,1,61,25
20/4/2020,1026,584,2718,717,24,23,2941,1339,6625,14795,1436,60,1907,2948,75,6264,39983,18,54,5,564,1309,20,40743,138,929,581,5,122,1163,37696,67,12,33,10507,82752,3977,,332,662,1881,1087,772,6900,7711,896,16,4964,22,10128,3333,218,79,39,1535,24,111,18,3868,155413,120,10,402,147065,1042,2320,14,289,622,50,65,57,477,1025,1984,1773,18539,6760,83505,1574,15652,13713,181228,882,223,10966,425,1852,281,598,1995,568,19,739,677,,99,51,81,1326,3558,45,121,17,5425,69,246,431,7,328,8772,2548,94,33,312,3046,39,119,16,37,33588,1440,10,652,665,1225,7156,1410,9565,4467,7,208,16325,6459,9593,20863,6015,8936,47121,147,15,15,12,468,4,10484,377,6630,11,43,8014,1173,1335,237,3300,10674,4,200210,304,107,10,14777,27944,39,422,,254,2792,84,114,884,90980,783716,56,5710,7265,125860,535,1627,9,270,268,329,6,1,65,25
21/4/2020,1092,609,2811,720,24,23,3031,1401,6644,14873,1480,65,1973,3382,75,6723,40956,18,54,6,598,1342,20,43079,138,975,600,8,122,1163,39401,68,14,33,10832,82774,4149,,350,669,1908,1137,784,7033,7891,945,16,5044,23,10398,3490,225,83,39,1552,31,114,18,4014,155962,156,10,408,148291,1098,2401,14,294,688,50,66,60,494,1029,2098,1778,20080,7135,84802,1602,16040,13942,183957,916,228,11135,428,1995,296,604,2080,590,19,748,680,,101,55,81,1344,3618,45,121,18,5482,83,258,443,7,328,9501,2614,94,34,313,3209,39,121,16,43,34317,1445,10,657,769,1231,7191,1508,10076,4658,7,210,17837,6599,9856,21379,6533,9242,52763,150,15,15,12,476,4,11631,412,6890,11,50,9125,1199,1344,286,3465,10683,4,202990,310,124,10,15322,28063,42,425,,269,2811,86,115,896,95591,809213,61,6125,7755,130178,543,1678,9,285,268,332,6,1,70,28
22/4/2020,1176,634,2910,723,25,24,3144,1473,6651,14925,1518,68,2027,3772,75,7281,41889,18,54,6,609,1368,22,45757,138,1024,609,11,122,1248,41663,73,14,33,11296,82785,4356,,359,681,1950,1189,790,7132,8108,974,16,5300,23,10850,3659,237,84,39,1559,31,116,18,4129,157140,166,10,416,150648,1154,2408,15,316,761,50,67,62,510,1033,2168,1785,21370,7418,85996,1631,16671,14498,187327,952,233,11512,435,2135,303,630,2248,612,19,761,682,,101,59,81,1344,3654,45,121,23,5532,86,293,444,7,329,10544,2778,94,35,315,3446,41,123,16,45,35032,1451,10,662,873,1259,7338,1614,11155,4821,8,213,19250,6710,10169,21982,7141,9710,57999,153,15,15,13,488,4,12772,442,7144,11,61,10141,1244,1353,307,3635,10694,4,202990,330,140,10,16004,28268,42,426,,284,2826,88,115,909,98674,837414,63,6592,8238,134648,549,1716,9,288,268,335,6,1,74,28
23/4/2020,1279,663,3007,727,25,24,3435,1523,6661,15002,1548,72,2217,4186,76,8022,42797,18,54,7,703,1413,22,50036,138,1097,616,11,122,1334,43299,82,16,36,11812,82802,4561,,377,686,1981,1235,795,7187,8271,986,16,5543,23,16784,3891,250,149,39,1592,34,116,18,4284,158320,167,10,425,153129,1216,2463,15,384,862,50,70,72,519,1035,2284,1789,23077,7775,87026,1677,17607,14803,189973,1004,257,12368,437,2289,320,669,2399,631,19,778,688,,109,60,81,1344,3665,45,121,33,5603,108,309,445,7,331,11633,2926,94,36,316,3568,46,139,16,48,35921,1456,11,671,981,1300,7401,1716,11940,5166,8,218,20914,6981,10511,22353,7764,10096,62773,164,15,15,13,501,4,13930,479,7276,11,64,11178,1325,1366,328,3953,10708,5,202990,368,174,10,16755,28496,42,427,,292,2839,88,115,918,101790,871617,74,7170,8756,139246,557,1758,9,311,268,336,6,1,76,28
24/4/2020,1351,678,3127,731,25,24,3607,1596,6676,15071,1592,73,2518,4689,77,8773,44293,18,54,7,807,1421,22,54043,138,1234,629,11,122,1430,44919,88,16,40,12306,82814,4881,,394,687,2009,1285,804,7273,8408,999,16,5749,24,22719,4092,274,214,39,1605,36,117,18,4395,159954,172,10,444,154999,1279,2490,15,430,954,52,73,72,591,1035,2443,1789,24530,8211,88194,1708,18184,15058,192994,1077,288,12829,441,2482,336,703,2614,665,19,784,696,,117,61,81,1344,3695,45,122,33,5691,129,325,447,7,331,12872,3110,94,37,319,3758,65,144,16,49,36729,1461,11,681,1095,1326,7463,1790,12723,5338,8,223,21648,7192,10892,22797,8525,10417,68622,176,15,15,14,513,4,15102,545,7483,11,82,12075,1360,1373,359,4220,10718,5,204448,420,194,10,17567,28677,42,428,,299,2907,90,115,922,104912,907908,75,7647,9281,144645,563,1804,9,318,270,340,6,1,84,29
25/4/2020,1463,712,3256,738,25,24,3780,1677,6696,15148,1617,78,2588,4998,79,9590,45325,18,59,7,866,1486,22,59324,138,1247,629,11,122,1518,46371,90,16,46,12858,82822,5142,,416,693,2016,1337,810,7352,8643,1008,16,5926,24,22719,4319,286,258,39,1635,56,122,18,4475,161644,176,10,456,156513,1414,2506,18,473,996,52,73,72,627,1037,2472,1790,26283,8607,89328,1763,18561,15298,195351,1114,305,13231,444,2601,343,731,2892,674,19,804,704,,120,61,81,1344,3711,45,123,33,5742,177,370,448,7,331,13842,3304,94,37,320,3897,70,146,16,49,37384,1469,12,684,1182,1367,7499,1905,13328,5538,8,228,25331,7294,11273,23392,9358,10635,74588,183,15,15,14,526,4,16299,614,7779,11,88,12693,1373,1388,390,4361,10728,5,205905,460,213,10,18177,28894,42,429,,299,2914,96,115,939,107773,940829,75,8125,9813,149569,596,1862,9,323,270,342,6,1,84,31
26/4/2020,1531,726,3382,740,26,24,3892,1746,6713,15225,1645,80,2647,5416,79,10463,46134,18,64,7,950,1516,22,63100,138,1300,632,11,122,1621,48058,106,19,46,13331,82825,5379,,442,695,2030,1369,817,7404,8773,1023,16,6135,24,22980,4534,298,258,39,1643,59,123,18,4576,162220,194,10,486,157770,1550,2517,18,500,1080,62,74,74,644,1037,2500,1792,27890,8882,90481,1820,19262,15443,197675,1150,350,13441,447,2717,355,763,3075,682,19,812,707,,124,61,82,1344,3723,45,124,34,5780,214,389,448,7,332,14677,3408,94,38,321,4065,76,146,16,52,38040,1469,13,696,1273,1386,7527,1998,13915,5779,8,228,27517,7579,11617,23864,10287,11036,80949,191,15,15,14,538,4,17522,671,8042,11,93,13624,1379,1396,436,4546,10738,6,207634,523,237,10,18640,29061,43,429,,299,2922,98,115,949,110130,968517,79,8617,10349,154037,606,1869,9,325,270,342,6,1,88,31
27/4/2020,1703,736,3517,743,27,24,4003,1808,6723,15274,1678,80,2723,5913,80,11289,46687,18,64,7,1014,1565,22,67446,138,1363,635,11,122,1705,49616,109,34,49,13813,82841,5597,,459,697,2039,1389,822,7445,8896,1035,16,6293,24,23240,4782,323,286,39,1647,65,124,18,4695,165999,211,10,497,158758,1610,2534,18,530,1163,73,74,76,661,1037,2583,1792,29451,9096,91472,1847,19648,15555,199414,1164,364,13736,449,2835,363,780,3288,695,19,818,710,,132,61,82,1344,3729,45,128,36,5820,226,408,450,7,332,15529,3481,95,38,321,4120,76,146,16,52,38440,1472,13,701,1337,1399,7599,2049,14612,6021,8,234,28699,7777,11902,24027,11244,11339,87147,207,15,15,15,546,4,18811,736,8275,11,98,14423,1381,1402,480,4793,10752,20,209465,588,275,10,18926,29164,43,429,,299,2931,98,116,967,112261,990993,79,9009,10839,158351,620,1904,9,329,270,342,6,1,92,32
28/4/2020,1828,750,3649,743,27,24,4127,1867,6742,15357,1717,80,2811,6462,80,12208,47334,18,64,7,1053,1585,23,73235,138,1399,638,11,122,1768,51158,114,50,52,14365,82853,5949,,471,705,2047,1437,837,7504,9049,1072,16,6416,24,24258,5042,345,315,39,1660,71,126,18,4740,166541,238,10,511,159912,1671,2566,19,544,1240,139,74,76,702,1037,2649,1795,31324,9511,92584,1928,19877,15728,201505,1183,380,13816,449,3027,374,790,3440,708,19,836,717,,141,61,82,1360,3741,45,128,36,5851,250,424,458,7,332,16752,3638,95,38,321,4252,76,150,16,54,38612,1474,13,709,1532,1421,7660,2131,15525,6200,8,239,31190,7958,12218,24322,11921,11616,93558,212,15,15,15,553,8,20077,823,8497,11,104,14951,1384,1408,528,4996,10761,34,210773,619,318,10,19621,29264,43,429,,390,2938,99,116,975,114653,1015518,79,9410,11380,162350,625,1939,10,329,270,343,6,1,95,32
29/4/2020,1939,766,3848,743,27,24,4285,1932,6755,15402,1766,80,2921,7103,80,13181,47859,18,64,7,1110,1677,23,79685,138,1447,641,11,122,1832,52865,118,50,62,14885,82860,6207,,491,713,2062,1467,843,7579,9206,1077,16,6652,24,24675,5268,377,315,39,1666,91,130,18,4906,166918,276,10,517,161539,1872,2576,20,557,1351,205,78,78,738,1037,2727,1797,33062,9771,93657,2003,20253,15834,203591,1238,396,13895,451,3138,384,799,3740,729,19,849,721,,141,61,82,1375,3769,45,128,36,5945,278,482,463,8,332,17799,3771,95,38,322,4321,76,150,16,57,38998,1476,13,713,1728,1442,7710,2274,16817,6378,8,252,33931,8212,12640,24505,12564,11978,99399,225,15,17,16,563,11,21402,882,8724,11,114,15641,1391,1418,582,5350,10765,34,212917,649,375,10,20302,29407,43,429,,480,2947,109,116,980,117589,1042926,81,9866,11929,166441,630,2002,10,331,270,344,6,6,97,32
30/4/2020,2171,773,4006,745,27,24,4428,2066,6765,15452,1804,81,3040,7667,81,14027,48519,18,77,7,1167,1757,23,87187,138,1506,645,11,122,1832,54457,121,61,73,16023,82869,6507,1,572,719,2076,1501,850,7682,9356,1089,16,6972,24,24934,5537,395,315,39,1689,100,131,18,4995,167299,276,11,539,163009,2074,2591,20,599,1495,231,82,81,771,1037,2775,1797,34863,10118,94640,2085,20612,15946,205463,1275,422,14088,453,3402,396,806,4024,746,19,858,725,,146,61,82,1385,3784,45,128,37,6002,468,490,465,8,332,19224,3897,95,38,322,4423,76,151,16,57,39512,1479,14,719,1932,1465,7738,2348,18114,6532,8,266,36976,8488,12877,25045,13409,12240,106498,243,15,17,16,569,14,22753,933,9009,11,124,16169,1396,1429,601,5647,10774,35,213435,663,442,10,21092,29586,43,429,15,480,2954,116,116,994,120204,1072667,83,10406,12481,172481,643,2039,11,333,270,348,6,6,106,34
1/5/2020,2335,782,4154,745,30,25,4532,2148,6778,15531,1854,81,3170,8238,81,14917,49032,18,90,7,1229,1781,23,92202,138,1555,649,11,122,1954,56342,136,72,95,17008,82870,7006,1,604,725,2085,1537,857,7737,9509,1097,16,7288,24,26336,5895,424,315,39,1694,106,133,18,5051,167911,306,12,566,164077,2122,2612,20,644,1537,257,82,85,804,1039,2863,1798,37257,10551,95646,2153,20833,16101,207428,1333,432,14305,459,3597,411,814,4377,756,19,870,729,,152,63,82,1399,3802,45,132,37,6071,491,508,467,8,332,20739,3980,95,38,322,4569,79,151,16,59,39989,1485,14,728,2170,1494,7783,2447,19103,6720,8,333,40459,8772,13105,25190,14096,12567,114431,249,15,17,16,580,16,24097,1024,9186,11,136,17101,1403,1434,636,5951,10780,45,215216,690,533,10,21520,29705,44,429,46,480,2960,123,116,998,122392,1106829,85,10861,13038,178685,648,2086,11,335,270,353,6,7,109,34
2/5/2020,2469,789,4295,747,35,25,4681,2273,6797,15558,1894,83,3284,8790,81,15828,49517,18,90,7,1470,1839,23,97100,138,1594,652,15,122,2077,57925,152,72,117,18435,82870,7285,3,674,733,2088,1611,864,7755,9605,1112,16,7578,24,27464,6193,446,315,39,1699,108,133,18,5176,168573,335,17,582,164967,2169,2620,21,688,1586,257,82,85,1010,1039,2942,1798,39699,10843,96448,2219,21176,16185,209328,1362,463,14571,460,3857,435,823,4619,769,19,871,733,,154,63,82,1406,3812,45,135,38,6176,519,544,468,8,332,22088,4052,95,39,322,4729,79,151,16,67,40434,1486,14,736,2388,1506,7809,2483,20084,7090,8,370,42534,8928,13375,25236,14872,12732,124054,255,15,17,16,580,16,25459,1115,9362,11,155,17548,1407,1439,671,6336,10793,45,216582,705,592,10,22082,29817,44,432,76,480,2966,123,116,1009,124375,1136024,88,11411,13599,183500,652,2118,11,345,270,353,6,10,119,34
3/5/2020,2704,795,4474,748,35,25,4783,2386,6822,15597,1932,83,3383,9455,82,16705,49906,18,93,7,1594,1857,23,101826,138,1618,662,15,122,2090,60530,165,78,117,19663,82875,7668,3,674,739,2096,1649,872,7781,9721,1112,16,7954,24,28818,6465,490,315,39,1700,112,135,18,5254,168927,351,17,589,165664,2444,2626,21,703,1648,335,87,88,1055,1039,2998,1799,42505,11192,97424,2296,21506,16208,210717,1398,469,14877,461,3920,465,851,4983,795,19,879,737,,158,63,82,1410,3824,45,149,39,6298,527,563,477,8,332,23471,4121,95,39,322,4903,80,155,16,75,40769,1486,15,750,2558,1511,7847,2568,20941,7144,8,396,45928,9223,13693,25282,15551,13163,134687,259,15,18,16,582,20,27011,1182,9464,11,166,18205,1408,1439,722,6783,10801,46,217466,718,635,10,22317,29905,44,436,128,480,2969,124,116,1013,126045,1161611,89,11913,14163,187842,655,2149,11,357,271,358,6,10,124,34
4/5/2020,2894,803,4648,750,35,25,4887,2507,6847,15621,1984,86,3533,10143,82,17489,50267,18,96,7,1681,1926,23,108620,138,1652,672,15,122,2104,61956,175,85,144,20643,82876,7973,3,682,742,2101,1668,874,7819,9868,1116,16,8235,24,28818,6813,555,315,39,1703,116,140,18,5327,169583,367,17,593,166152,2719,2632,21,730,1710,413,92,100,1178,1040,3035,1799,46437,11587,98647,2346,21772,16246,211938,1432,471,15078,465,4049,490,855,5278,830,19,896,740,,166,63,82,1419,3828,45,149,41,6353,541,580,480,8,332,24905,4248,95,40,323,5053,80,161,16,78,40968,1486,15,755,2802,1518,7904,2637,22049,7197,8,415,47372,9485,14006,25524,16191,13512,145268,261,15,18,17,586,97,28656,1271,9557,11,178,18778,1413,1442,756,7220,10804,49,218011,751,678,10,22721,29981,44,438,230,480,2987,126,116,1018,127659,1184086,97,12331,14730,191832,657,2189,11,357,271,362,6,12,137,34
5/5/2020,3224,820,4838,751,36,25,5020,2619,6875,15650,2060,89,3720,10929,82,18350,50509,18,96,7,1802,1946,23,115455,138,1704,688,15,122,2184,63213,186,90,170,22016,82878,8613,6,705,755,2112,1685,878,7896,10019,1120,16,8480,24,28818,7201,587,377,39,1711,119,145,18,5412,170690,397,17,604,167007,2905,2642,21,763,1811,444,93,101,1270,1040,3065,1799,49400,12071,99970,2431,21983,16289,213013,1464,473,15253,471,4205,535,856,5804,843,19,896,741,,170,63,82,1423,3840,45,151,41,6383,573,612,482,8,332,26025,4363,95,41,324,5219,81,161,16,82,41286,1488,16,763,2950,1526,7955,2735,24073,7523,8,431,51189,9684,14431,25702,17142,13837,155370,264,15,18,17,589,174,30251,1329,9677,11,199,19410,1421,1445,835,7572,10806,52,219329,771,778,10,23216,30009,44,438,293,480,2988,128,116,1022,129491,1208271,98,12697,15192,196243,670,2207,11,361,271,371,6,22,138,34
6/5/2020,3392,832,4997,751,36,25,5208,2782,6894,15684,2127,92,3934,11719,82,19255,50781,18,113,7,1886,1987,23,126611,139,1778,729,15,122,2265,64690,191,94,212,23048,82880,8959,8,797,761,2119,1703,883,7974,10136,1124,16,8807,24,28818,7588,633,439,39,1713,123,162,18,5573,174281,450,17,610,168162,3091,2663,21,798,1856,475,93,115,1461,1040,3111,1799,52987,12438,101650,2480,22248,16310,214457,1516,478,15365,482,4422,582,858,6289,871,19,900,750,,178,64,82,1428,3851,45,158,43,6428,617,631,484,8,332,27634,4476,95,41,324,5408,81,168,16,99,41518,1489,16,770,3145,1539,7996,2903,24644,7731,8,440,54817,10004,14740,26182,17972,14107,165929,268,15,18,17,608,180,31938,1433,9791,11,225,20198,1429,1448,873,7808,10810,58,220325,797,852,10,23918,30060,45,439,379,480,2989,132,116,1025,131744,1233527,100,13184,15738,202359,673,2233,12,379,280,374,6,25,146,34
7/5/2020,3563,842,5182,752,40,25,5371,2884,6913,15752,2204,92,4199,12425,82,20168,51420,18,130,7,2081,2027,23,135773,141,1829,736,15,122,2267,66199,218,118,253,24581,82881,9456,8,863,765,2125,1729,889,8031,10281,1133,16,9095,24,28818,7981,695,439,39,1720,153,191,18,5673,174917,504,18,615,169430,3552,2678,21,832,1927,564,93,129,1685,1044,3150,1801,56351,12776,103135,2543,22385,16381,215858,1571,488,15477,494,4578,607,861,6567,895,19,909,784,,189,64,82,1433,3859,45,186,43,6467,648,650,486,8,332,29616,4605,95,41,324,5548,81,176,16,101,41973,1490,16,781,3526,1572,8034,2958,26435,7868,8,462,58526,10343,15047,26715,18890,14499,177160,271,15,18,17,622,187,33731,1492,9848,11,231,20939,1445,1449,928,8232,10822,74,221447,824,930,10,24623,30126,45,440,461,494,2992,135,116,1026,133721,1261409,101,13691,16240,207977,684,2298,12,381,288,375,6,30,153,34
8/5/2020,3778,850,5369,752,43,25,5611,3029,6927,15774,2279,92,4444,13134,83,21101,52011,18,130,7,2266,2070,23,146894,141,1872,744,15,122,2270,67672,230,143,260,25972,82887,10051,8,937,773,2161,1741,891,8077,10416,1161,16,9376,24,28944,8476,742,439,39,1725,159,194,18,5738,176271,620,20,623,170588,4012,2691,21,900,2009,594,94,146,1771,1044,3178,1801,59695,13112,104691,2603,22541,16436,217185,1602,490,15575,508,4834,621,861,7208,906,19,928,796,,199,64,82,1436,3871,45,186,50,6535,744,668,489,8,332,31522,4728,95,42,324,5711,82,177,16,102,42292,1492,16,795,3912,1586,8070,3112,28736,8070,8,563,61847,10463,15366,27268,20201,14811,187859,273,15,18,17,623,208,35432,1551,9943,11,257,21707,1455,1450,962,8895,10840,120,222857,835,1111,10,25265,30207,47,440,522,509,3000,145,116,1030,135569,1288566,108,14195,16793,212629,694,2325,12,388,288,375,6,34,167,34
9/5/2020,4033,856,5558,754,43,25,5776,3175,6939,15833,2422,92,4774,13770,84,22052,52596,18,130,7,2437,2090,23,156061,141,1921,748,15,122,2424,68916,236,143,322,27219,82899,10495,11,937,780,2176,1754,892,8095,10517,1189,16,9882,24,29071,8964,784,439,39,1733,163,210,18,5880,176782,661,20,626,171324,4263,2710,21,967,2042,641,99,151,1830,1044,3213,1801,62808,13645,106220,2679,22760,16454,218268,1667,496,15663,522,4975,649,862,7623,931,19,930,809,,199,64,82,1444,3877,45,186,56,6589,790,692,490,8,332,33460,4867,96,42,324,5910,87,178,16,110,42581,1494,16,815,4151,1622,8099,3224,30334,8282,8,689,65015,10610,15651,27406,21331,15131,198676,280,15,18,17,628,208,37136,1634,10032,11,291,22460,1455,1454,997,9420,10874,120,223578,847,1164,10,25921,30251,47,440,612,509,3004,153,116,1032,137115,1314306,116,14710,17417,216525,702,2349,12,402,288,375,6,42,252,35
10/5/2020,4402,868,5723,755,45,25,6034,3313,6951,15871,2519,92,4941,14657,84,22973,53081,18,130,7,2556,2117,23,162699,141,1965,751,15,122,2579,70101,246,143,322,28866,82913,11063,11,991,792,2187,1766,898,8123,10627,1210,16,10347,24,29509,9400,889,439,39,1739,172,239,18,5962,177094,732,20,635,171879,4482,2716,21,1052,2146,726,104,182,1972,1047,3263,1801,67161,14032,107603,2767,22996,16477,219070,1700,502,15777,540,5090,672,870,8688,1002,19,939,845,,205,64,82,1479,3886,45,186,56,6656,835,704,496,8,332,35022,4927,96,42,324,6063,91,180,16,122,42826,1497,16,821,4399,1642,8105,3399,32081,8448,8,713,67307,10794,15996,27581,22520,15362,209688,284,15,18,17,628,208,39048,1709,10104,11,307,23336,1457,1457,1054,10015,10909,138,224350,863,1365,10,26322,30305,47,440,636,509,3009,174,116,1032,138657,1334084,121,15232,18198,220449,707,2418,12,414,288,375,6,51,267,36
11/5/2020,4687,872,5891,755,45,25,6278,3392,6972,15882,2589,93,5236,15691,84,23906,53449,18,130,9,2831,2141,24,169594,141,1990,760,15,122,2689,71262,260,143,340,30063,82917,11613,11,1024,801,2196,1783,901,8176,10711,1227,16,10634,24,29964,9746,958,439,39,1741,175,250,18,5984,177583,802,22,638,172576,4700,2726,21,1114,2222,761,109,209,2080,1047,3284,1801,70768,14265,109286,2818,23135,16506,219814,1730,505,15847,562,5207,700,884,9286,1016,19,946,859,,211,64,82,1485,3888,45,186,57,6726,897,712,503,8,332,36327,4995,96,42,324,6281,103,180,16,134,42987,1497,20,832,4641,1664,8132,3573,34336,8616,8,724,68822,11086,16326,27679,23623,15588,221344,285,15,18,17,633,208,41014,1886,10176,11,338,23822,1461,1460,1089,10652,10936,156,227436,869,1526,10,26670,30344,47,440,661,509,3015,181,116,1032,139771,1352962,125,15648,18878,224332,711,2486,12,422,288,375,6,56,354,36
12/5/2020,4963,876,6067,758,45,25,6563,3538,6978,15961,2693,93,5531,16660,85,24873,53779,18,130,11,2964,2158,24,178214,141,2023,766,15,122,2744,72416,267,143,357,31721,82921,12272,11,1102,804,2207,1804,903,8221,10789,1256,16,10900,24,30419,10093,998,480,39,1746,184,261,18,6003,178127,863,22,642,173171,5127,2744,21,1199,2298,820,113,222,2168,1047,3313,1801,74292,14749,110767,2913,23242,16529,221216,1857,507,15968,576,5279,715,919,10277,1037,19,950,870,,211,64,82,1491,3894,45,199,60,6742,904,730,506,9,332,38324,5154,96,42,324,6418,104,180,16,217,43183,1497,25,854,4787,1674,8157,3721,35298,8783,8,737,72059,11350,16921,27913,25149,15778,232243,286,15,18,17,638,214,42925,1995,10243,11,362,24671,1465,1461,1170,11350,10962,194,228030,889,1661,10,27272,30380,47,440,729,509,3017,199,116,1032,141475,1374914,129,16023,19661,227740,717,2519,12,423,288,375,6,65,441,36
13/5/2020,5226,880,6253,760,45,25,6879,3718,6989,15997,2758,94,5816,17822,85,25825,53981,18,130,15,3148,2181,24,190137,141,2069,773,15,122,2800,73565,289,143,372,34381,82924,12930,11,1169,815,2213,1810,905,8269,10865,1268,16,11196,24,30486,10431,1037,522,39,1751,187,263,18,6054,178549,1004,23,647,174098,5408,2760,21,1342,2374,836,113,234,2255,1050,3341,1802,78055,15438,112725,3032,23401,16548,222104,1912,509,16049,582,5417,737,932,11028,1044,19,956,878,1,213,64,82,1505,3904,45,212,63,6779,955,758,508,15,332,40186,5406,96,70,324,6512,110,181,16,249,43410,1497,25,860,4971,1694,8175,4019,35788,8944,8,740,76306,11618,17204,28132,26539,16002,242271,287,15,18,17,643,220,44830,2105,10295,11,387,25346,1469,1463,1219,12074,10991,203,228691,915,1818,10,27909,30413,48,440,801,509,3017,219,116,1032,143114,1396109,139,16425,20386,230985,719,2612,12,439,300,375,6,70,548,37
14/5/2020,5639,898,6442,761,48,25,7134,3860,7019,16058,2879,96,6198,18863,85,26772,54288,18,130,20,3372,2218,24,203165,141,2100,776,15,122,2954,74779,315,222,399,37040,82930,13610,11,1242,830,2221,1830,907,8351,10911,1284,16,11320,24,30976,10829,1112,583,39,1758,187,272,18,6145,178994,1104,23,667,174478,5530,2770,21,1518,2473,913,113,273,2318,1051,3380,1802,81997,16006,114533,3143,23827,16579,223096,1971,509,16120,586,5571,758,944,11975,1082,19,962,886,1,215,64,82,1511,3915,45,230,63,6819,982,779,522,20,332,42595,5553,96,98,324,6607,115,181,16,258,43680,1498,25,876,5162,1723,8196,4341,38799,9118,8,754,80604,11876,17615,28319,28272,16247,252245,287,15,18,17,648,235,46869,2189,10374,11,408,26098,1477,1464,1284,12739,11018,220,229540,925,1891,10,28582,30463,48,440,907,509,3018,238,116,1032,144749,1423726,160,16847,21084,234440,724,2645,12,455,312,375,6,85,654,40
15/5/2020,6053,916,6629,761,48,25,7479,4044,7035,16109,2980,96,6583,20065,85,27730,54644,18,130,21,3577,2236,24,220291,141,2138,780,15,122,3105,75958,326,301,428,39542,82936,14216,11,1298,843,2222,1840,910,8406,10989,1309,16,11739,24,31467,11228,1210,594,39,1766,190,287,18,6228,179569,1209,23,671,175233,5638,2810,22,1643,2566,941,116,310,2460,1052,3417,1802,85784,16496,116635,3193,23956,16589,223885,2017,511,16203,596,5689,781,944,12860,1111,19,970,891,1,219,64,82,1523,3923,45,238,63,6855,1031,806,532,29,332,45032,5745,96,116,324,6652,119,182,16,267,43880,1498,25,885,5450,1740,8219,4625,39475,9268,8,759,84495,12091,18016,28583,29425,16437,262843,287,15,18,17,652,235,49176,2310,10438,11,447,26891,1480,1465,1320,13524,11037,236,230183,935,1964,10,29207,30514,50,440,1118,509,3025,263,116,1035,146457,1449026,160,17330,21831,238007,732,2686,12,480,314,375,6,106,666,42
16/5/2020,6402,933,6821,761,48,25,7805,4283,7044,16201,3138,96,6747,20995,86,28681,54989,18,130,21,3826,2267,24,233511,141,2175,782,19,122,3105,77205,328,327,474,41428,82942,14939,11,1455,853,2224,1862,914,8455,11056,1331,16,12110,24,32763,11719,1265,594,39,1770,202,306,18,6286,179647,1320,23,683,175752,5735,2819,22,1763,2658,969,117,358,2565,1052,3473,1802,90648,17025,118392,3260,24048,16608,224760,2061,517,16237,607,5850,830,950,13802,1117,19,997,902,1,223,65,82,1534,3930,45,283,65,6872,1078,835,546,40,332,47144,5934,96,135,324,6741,129,182,16,291,44070,1499,25,889,5621,1762,8237,5029,40151,9449,8,778,88541,12305,18257,28810,30972,16704,272043,289,15,18,17,653,235,52016,2429,10496,11,462,27356,1493,1465,1357,14355,11050,263,230698,960,2289,10,29677,30572,51,440,1322,509,3025,298,116,1037,148067,1474127,160,17858,22627,241461,733,2738,12,504,318,376,6,122,679,42
17/5/2020,6664,946,7019,761,48,25,8068,4472,7053,16242,3274,96,6956,22268,88,29650,55280,18,130,21,4088,2290,25,241080,141,2211,796,23,122,3317,78339,328,327,503,43781,82949,15574,11,1455,863,2226,1872,916,8475,11125,1401,16,12314,24,33182,12229,1338,656,39,1774,203,317,18,6347,179849,1376,23,695,176369,5735,2834,22,1838,2727,990,120,456,2646,1055,3509,1802,95698,17514,120198,3404,24112,16617,225435,2109,520,16285,613,6157,887,955,14850,1138,19,1008,911,1,226,65,82,1541,3945,45,304,70,6894,1094,860,553,62,332,49219,6060,96,136,324,6870,137,184,16,333,44195,1499,25,904,5959,1792,8249,5186,42125,9606,8,786,92273,12513,18529,29036,32604,16871,281752,292,15,18,17,654,240,54752,2480,10610,11,505,28038,1494,1466,1421,15515,11065,290,231152,981,2440,10,30143,30587,58,440,1524,509,3028,301,116,1040,149435,1493131,160,18291,23358,244995,734,2753,12,541,320,381,6,128,753,44
18/5/2020,7072,948,7201,761,50,25,8371,4823,7067,16269,3387,96,7184,23870,88,30572,55559,18,130,21,4263,2304,25,255368,141,2235,796,42,122,3529,79414,332,346,519,46059,82958,16295,11,1538,866,2228,1881,917,8586,11166,1518,16,12725,24,33582,12764,1413,719,39,1784,205,352,18,6380,180051,1432,24,701,176551,5916,2836,22,1912,2796,1032,124,533,2798,1055,3535,1802,100328,18010,122492,3554,24200,16643,225886,2119,520,16305,629,6751,912,972,15691,1216,19,1009,931,1,229,65,82,1547,3947,45,322,70,6941,1106,874,558,81,332,51633,6138,97,140,324,6952,145,191,16,375,44341,1499,140,909,6175,1817,8257,5379,43966,9726,8,808,94933,12718,18885,29209,33969,17036,290678,297,15,18,17,654,246,57345,2544,10699,11,519,28343,1495,1466,1455,16433,11078,290,231606,992,2591,11,30377,30597,58,440,1729,509,3031,330,116,1043,150593,1514839,160,18616,24190,247717,737,2791,12,618,324,388,6,148,761,46
19/5/2020,7653,956,7377,761,52,25,8809,5041,7074,16321,3518,96,7532,25121,90,31508,55791,18,130,21,4481,2321,25,271885,141,2259,802,42,122,3631,80502,335,366,545,49579,82958,16935,22,1629,882,2232,1887,918,8647,11242,1618,16,13223,24,34151,13484,1498,825,39,1791,208,365,18,6399,180985,1502,24,707,177778,6096,2840,22,2133,2863,1038,125,564,2955,1055,3556,1802,106475,18496,124603,3611,24251,16659,226699,2153,524,16367,649,6860,963,989,16764,1243,19,1012,954,1,233,68,82,1562,3958,45,346,70,6978,1143,901,569,131,332,54346,6340,97,140,324,7023,146,193,16,402,44449,1503,254,914,6401,1839,8267,5671,45898,9867,8,829,99483,12942,19268,29432,35606,17191,299941,308,15,18,17,655,251,59854,2617,10733,11,534,28794,1495,1467,1502,17200,11110,290,232037,1027,2728,11,30799,30618,58,440,1936,509,3033,338,116,1044,151615,1535337,160,18876,25063,249613,738,2855,12,749,324,391,6,167,772,46
20/5/2020,8145,964,7542,762,55,25,9283,5271,7079,16353,3631,97,7888,26738,90,32426,55983,18,132,21,4919,2338,25,291579,141,2292,809,42,122,3733,81574,349,418,565,53617,82958,17687,34,1731,897,2234,1900,922,8721,11315,1828,16,13477,24,34854,14229,1571,890,39,1794,217,389,18,6443,181700,1567,24,713,178473,6269,2850,22,2265,2965,1089,125,596,3080,1055,3598,1803,112028,19189,126949,3724,24315,16667,227364,2231,529,16396,672,6969,1029,996,17568,1270,19,1016,961,1,238,69,82,1577,3971,45,371,71,7009,1186,931,584,141,332,56594,6553,97,140,324,7133,156,199,16,427,44647,1503,266,920,6677,1858,8281,6043,48091,9977,8,833,104020,13221,19739,29660,37097,17387,308705,314,15,18,18,656,251,62545,2714,10833,11,570,29364,1496,1468,1573,18003,11122,386,232555,1041,2933,11,31523,30658,58,440,2140,509,3034,340,116,1045,152587,1558949,160,19230,26004,250931,746,2939,12,824,324,398,6,184,832,48
21/5/2020,8676,969,7728,762,58,25,9931,5606,7093,16404,3749,97,8174,28511,90,33371,56235,18,135,21,5187,2350,29,310087,141,2331,812,42,123,4288,82741,356,436,588,57581,82958,18330,56,1835,903,2237,1908,923,8754,11380,2047,16,13657,24,35306,15003,1640,903,39,1800,220,399,18,6493,181976,1648,24,721,179021,6378,2853,22,2512,3067,1109,127,734,3204,1060,3641,1803,118226,20162,129341,3877,24391,16683,228006,2301,534,16424,684,7234,1109,1003,18609,1313,19,1025,1024,1,240,71,82,1593,3980,45,405,72,7059,1216,947,599,173,332,59567,6704,97,140,324,7211,162,199,18,457,44900,1504,279,924,7016,1898,8309,6370,50694,10116,8,836,108769,13434,20143,29912,38651,17585,317554,320,15,18,18,658,251,65077,2812,10919,11,585,29812,1502,1468,1594,19137,11142,481,233037,1055,3138,11,32172,30694,58,440,2350,509,3037,354,116,1046,153548,1584486,168,19706,26898,252246,749,2964,12,882,324,423,6,197,866,51
22/5/2020,9216,981,7918,762,60,25,10649,5928,7100,16436,3855,97,8414,30205,90,34303,56511,18,135,21,5579,2372,30,330890,141,2372,814,42,123,4400,83946,362,479,611,61857,82966,19131,78,1945,911,2243,1916,927,8813,11428,2270,16,13989,24,35828,15786,1725,960,39,1807,225,433,18,6537,182354,1728,25,723,179710,6486,2874,22,2743,3122,1114,127,812,3477,1065,3678,1803,124794,20796,131652,3964,24506,16690,228658,2341,544,16513,700,7919,1161,1014,19564,1350,19,1030,1086,2,249,72,82,1604,3981,45,448,82,7137,1274,969,600,200,332,62527,6847,97,141,324,7332,164,199,19,516,45088,1504,279,937,7261,1921,8332,6794,52437,10267,8,838,111698,13597,20619,30200,40481,17712,326448,321,15,18,18,661,251,67719,2909,11024,11,606,30426,1503,1468,1594,20125,11165,563,234824,1068,3378,11,32809,30707,64,441,2551,509,3037,363,116,1048,154500,1608623,175,20148,27892,255544,753,3028,12,944,324,423,6,209,920,54
23/5/2020,9998,989,8113,762,61,25,11353,6302,7109,16486,3982,100,8802,32078,92,35244,56810,18,163,24,5915,2391,32,347398,141,2408,814,42,124,4645,85150,371,552,648,65393,82974,20177,82,2025,918,2243,1931,931,8890,11487,2270,16,14422,24,36258,16513,1819,960,39,1821,238,494,18,6568,182624,1934,25,728,179986,6617,2876,22,3054,3176,1114,131,865,3714,1065,3713,1804,131423,21745,133521,4272,24582,16712,229327,2366,550,16536,704,8225,1192,1025,20464,1365,19,1046,1097,2,255,75,82,1616,3990,45,488,82,7185,1313,1015,609,227,332,65856,6994,98,141,324,7406,168,201,20,584,45265,1504,279,943,7526,1941,8346,7257,54601,10577,8,850,115754,13777,20931,30471,42213,17857,335882,325,15,18,18,665,251,70161,2976,11092,11,621,31068,1504,1468,1594,21343,11190,655,235290,1089,3628,11,33188,30725,70,441,2738,509,3040,373,116,1048,155686,1630450,198,20580,28704,258506,764,3115,12,1010,325,423,6,212,920,56
24/5/2020,10582,998,8306,762,69,25,12076,6661,7113,16503,4122,100,9138,33610,92,36198,57092,18,191,24,6263,2401,35,363211,141,2427,823,42,124,4890,86112,380,604,675,69102,82980,21175,87,2141,930,2244,1941,935,8955,11559,2369,16,14801,24,36756,17265,1915,1002,39,1823,250,582,18,6579,182723,2034,25,730,180328,6683,2878,22,3424,3275,1146,135,912,3950,1065,3741,1804,138536,22271,135701,4469,24639,16717,229858,2376,552,16550,708,8531,1214,1032,21302,1403,19,1047,1114,2,265,75,82,1623,3992,45,527,92,7245,1371,1030,610,237,334,68620,7093,98,141,324,7433,194,201,21,603,45437,1504,279,945,7839,1978,8352,7770,56349,10926,8,862,119959,14035,21326,30623,43714,18070,344481,327,15,18,18,665,275,72560,3047,11159,11,707,31616,1509,1468,1642,22583,11206,730,235400,1141,3820,11,33459,30736,86,441,2929,509,3040,381,116,1051,156827,1651239,210,20986,29485,260919,769,3164,12,1121,325,423,9,222,920,56
25/5/2020,11173,1004,8503,763,70,25,12628,7113,7123,16539,4271,100,9171,35585,92,37144,57342,18,200,27,6660,2406,35,374898,141,2433,832,42,124,5163,87118,390,652,687,73997,82987,21981,87,2297,951,2244,1947,937,9002,11586,2468,16,15073,24,37355,17967,1983,1043,39,1824,256,655,18,6599,182788,2135,25,731,180600,6808,2882,23,3760,3275,1178,137,958,4189,1065,3756,1804,144950,22750,137724,4632,24698,16734,230158,2423,556,16581,711,8969,1286,1038,21967,1433,19,1049,1119,2,265,75,82,1635,3993,45,542,101,7417,1395,1059,611,262,334,71105,7147,98,141,324,7532,209,203,21,682,45647,1504,519,951,8068,1999,8364,7944,57705,11183,8,865,123979,14319,21631,30788,45465,18283,353427,336,15,18,18,666,299,74795,3130,11193,11,735,31960,1511,1469,1689,23615,11225,806,235830,1182,3976,11,33843,30746,106,441,3100,509,3042,386,116,1051,157814,1670209,222,21245,30307,262550,787,3189,12,1177,326,426,9,233,920,56
26/5/2020,11831,1029,8697,763,70,25,13228,7402,7139,16557,4403,100,9366,36751,92,38059,57455,18,208,27,7136,2416,35,391222,141,2443,838,42,124,5436,88089,390,671,700,77961,82988,23003,87,2403,956,2244,1963,939,9050,11627,2582,16,15264,24,37729,18756,2042,1043,39,1834,261,701,18,6628,182926,2238,25,732,181200,7117,2892,23,3954,3275,1186,139,1174,4401,1065,3771,1804,150793,23165,139511,4848,24735,16757,230555,2477,564,16598,718,9136,1348,1042,22575,1468,19,1053,1140,2,266,87,82,1639,3995,45,586,101,7604,1438,1077,611,268,334,74560,7305,98,144,324,7577,213,206,21,772,45780,1504,759,952,8344,2014,8383,8118,59151,11447,8,877,129751,14669,22074,31007,47207,18429,362342,339,15,18,18,666,441,76726,3161,11227,11,754,32343,1513,1469,1711,24264,11265,900,236259,1319,4161,11,34440,30761,121,441,3266,509,3045,391,116,1051,158762,1689057,253,21584,31086,266599,789,3290,12,1211,327,429,9,249,988,94
27/5/2020,12456,1050,8857,763,71,25,13933,7774,7154,16591,4568,100,9692,38292,92,38956,57592,18,210,28,7768,2435,35,411821,141,2460,845,42,124,5436,88988,390,702,715,82289,82990,24104,87,2546,984,2244,1974,939,9086,11680,2697,16,15723,24,38103,19666,2109,1043,39,1840,272,731,18,6692,184632,2319,25,735,181524,7303,2903,23,4145,3414,1195,144,1320,4640,1066,3793,1805,158086,23851,141591,5135,24803,16793,231139,2556,569,16598,720,9304,1471,1047,23267,1520,19,1057,1161,2,266,99,82,1647,4001,45,612,152,7619,1457,1116,612,292,334,78023,7537,98,148,324,7601,227,206,22,886,45970,1504,759,952,8733,2039,8401,8373,61227,11728,8,884,135905,15049,22473,31292,48947,18594,370680,346,15,18,22,667,443,78541,3253,11275,11,782,32876,1515,1471,1731,25937,11344,994,237082,1469,4346,12,35088,30776,121,441,3424,509,3054,395,116,1060,159797,1707423,281,21905,31969,268619,803,3369,12,1245,327,434,9,256,1057,132
28/5/2020,13036,1076,8997,763,74,25,14702,8216,7165,16628,4759,101,10052,40321,92,39858,57849,18,217,31,8387,2462,35,438238,141,2477,847,42,124,5436,89975,398,755,726,86943,82990,24755,87,2660,1000,2245,1983,941,9140,11712,2914,16,16068,24,38471,20793,2194,1174,39,1851,279,831,18,6743,186364,2431,25,738,182196,7460,2906,23,4348,3553,1226,150,1452,4752,1072,3816,1805,165386,24538,143849,5457,24841,16872,231732,2641,572,16636,728,9576,1618,1048,24112,1594,19,1061,1168,2,269,105,82,1656,4008,45,656,203,7676,1513,1194,616,346,334,81400,7725,98,161,324,7643,233,206,22,1042,46152,1504,759,955,8915,2077,8411,9009,64028,12131,8,900,141779,15588,22825,31596,50914,18791,379051,349,15,18,25,670,458,80185,3348,11300,11,812,33249,1520,1473,1828,27403,11402,994,237906,1530,4434,12,35727,30796,122,441,3563,509,3065,422,116,1068,160979,1730259,317,22382,32532,270508,811,3444,12,1325,327,446,9,278,1057,149
29/5/2020,13659,1099,9134,764,81,25,15419,8676,7184,16655,4989,102,10449,42844,92,40764,58061,18,224,31,8731,2485,35,465166,141,2485,847,52,124,5670,90908,405,874,759,90638,82994,25406,96,2833,1022,2245,2005,942,9196,11793,3054,16,16531,24,38571,22082,2278,1306,39,1859,279,968,18,6776,186923,2613,25,746,182922,7616,2909,23,4607,3656,1256,150,1584,4923,1079,3841,1805,173491,25216,146668,5873,24876,16987,232248,2750,575,16673,730,9932,1745,1056,25184,1662,19,1064,1172,2,273,118,82,1662,4012,45,698,273,7732,1591,1226,616,423,335,84627,7896,98,179,324,7714,234,215,23,1212,46328,1504,759,955,9302,2129,8422,9820,66457,12531,8,917,148285,16634,23155,31946,52907,18982,387623,355,15,18,26,671,463,81766,3429,11354,11,829,33860,1520,1473,1872,29240,11441,994,238564,1558,4521,12,36476,30828,122,442,3686,509,3076,428,116,1071,162120,1754747,329,22811,33170,272607,816,3468,12,1370,328,446,9,283,1057,162
30/5/2020,14525,1122,9267,764,84,25,16214,8927,7192,16685,5246,102,10793,44608,92,41658,58186,18,228,33,9592,2494,35,498440,141,2499,847,63,125,5904,91680,421,962,768,94858,83002,26734,106,2966,1047,2246,2025,944,9230,11833,3194,16,16908,24,38834,23449,2395,1306,39,1865,283,1063,18,6826,188116,2655,25,757,183189,7768,2915,23,4739,3706,1256,152,1865,5094,1082,3867,1806,181827,25773,148950,6179,24929,17012,232664,2799,581,16716,734,10382,1888,1064,26192,1722,19,1065,1191,2,280,130,82,1670,4016,45,758,279,7762,1672,1250,618,483,335,87512,8098,99,179,324,7780,244,224,23,1401,46460,1504,759,956,9855,2164,8437,10423,69496,13018,8,964,155671,17224,23571,32203,55262,19133,396575,359,15,18,26,671,479,83384,3535,11381,11,852,34366,1521,1473,1916,30967,11468,994,239228,1620,4800,14,37113,30845,122,442,3807,509,3077,433,117,1076,163103,1778993,413,23204,33896,274219,821,3546,12,1459,328,447,9,310,1057,174
31/5/2020,15205,1137,9394,764,86,26,16851,9282,7202,16731,5494,102,11398,47153,92,42556,58381,18,232,43,9982,2510,35,514849,141,2513,847,63,125,6150,92490,435,1011,778,99688,83012,27219,106,3070,1056,2246,2045,946,9268,11869,3354,16,17285,24,39098,24985,2517,1306,39,1869,285,1172,18,6859,188255,2655,25,783,183410,8070,2917,23,5087,3775,1298,153,2124,5202,1084,3876,1806,190609,26473,151466,6439,24990,17071,232997,2833,586,16751,739,10858,1962,1064,27043,1748,19,1066,1220,2,288,156,82,1675,4018,45,771,308,7819,1773,1265,618,530,335,90664,8251,99,182,324,7807,254,224,24,1572,46645,1504,759,958,10162,2226,8440,11437,72460,13463,8,986,164476,18086,23786,32500,56910,19257,405843,370,15,18,26,671,483,85261,3645,11412,11,861,34884,1521,1473,1976,32683,11503,994,239479,1633,5026,23,37542,30862,122,442,3930,509,3081,442,117,1077,163942,1799122,417,23672,34557,276161,823,3623,12,1510,328,448,9,323,1073,178
1/6/2020,15750,1143,9513,804,86,26,17415,9492,7221,16745,5662,102,11871,49534,92,43403,58517,18,243,43,10531,2524,38,526447,141,2519,864,63,125,6397,93287,458,1069,790,105158,83017,29384,119,3195,1084,2246,2083,949,9302,11899,3569,16,17572,24,39756,26384,2582,1306,39,1870,293,1257,18,6885,188385,2729,25,794,183594,8184,2927,23,5336,3844,1339,153,2226,5362,1087,3892,1806,198370,26940,154445,6868,25062,17169,233197,2951,588,16787,746,11308,2021,1064,27762,1817,19,1068,1233,2,296,168,82,1678,4019,45,826,336,7857,1829,1315,619,588,335,93435,8360,99,185,324,7833,280,228,25,1811,46749,1504,938,958,10578,2315,8446,12223,76398,13837,8,995,170039,18638,24165,32700,58433,19398,414328,377,15,18,26,671,484,87142,3739,11430,11,865,35292,1522,1473,2023,34357,11541,994,239638,1643,5173,44,37814,30871,123,443,4013,509,3082,443,117,1084,164769,1816476,457,24562,35192,277736,825,3702,12,1662,328,449,9,354,1089,203
2/6/2020,16509,1164,9626,844,86,26,18319,10009,7229,16759,5935,102,12311,52445,92,44255,58615,18,244,47,10991,2535,40,555383,141,2538,881,63,125,6585,93960,466,1121,803,108686,83018,30593,132,3326,1105,2246,2092,952,9364,11934,3779,18,17752,24,40414,27536,2653,1306,39,1875,294,1344,18,6898,188953,2803,25,796,183879,8297,2937,23,5586,3886,1339,153,2366,5527,1093,3921,1806,207191,27549,157562,7387,25086,17285,233515,3024,590,16837,755,11571,2093,1103,28649,1845,19,1071,1242,2,311,182,82,1682,4020,45,845,358,7877,1841,1351,620,668,335,97326,8548,99,185,324,7866,307,232,25,2099,46852,1504,1118,960,10819,2391,8455,12799,80463,14095,8,1013,174476,18997,24395,32895,60259,19517,423186,384,15,18,26,672,484,89011,3836,11454,11,896,35836,1522,1475,2089,35812,11590,994,239932,1683,5310,54,38589,30874,123,443,4100,509,3083,445,117,1086,165555,1837367,489,24895,35788,279392,826,3760,12,1819,328,451,9,399,1089,206
3/6/2020,17267,1184,9733,851,86,26,19268,10524,7240,16771,6260,102,12815,55140,92,45116,58685,18,252,47,11638,2551,40,584016,141,2560,884,63,125,6687,94641,477,1173,820,113628,83022,31935,132,3495,1157,2246,2107,958,9438,11971,3935,18,18040,24,40966,28615,2705,1306,39,1880,295,1486,18,6911,189480,2902,26,800,184121,8548,2944,23,5760,3933,1339,153,2507,5690,1096,3931,1806,216824,28233,160696,8168,25111,17377,233836,3110,591,16867,757,12067,2216,1142,29359,1871,19,1079,1256,4,316,196,82,1684,4024,45,908,369,7970,1850,1386,622,745,335,101238,8795,99,185,324,7922,316,233,25,2300,46939,1504,1118,961,11166,2492,8477,13537,85264,14609,8,1070,178914,19748,24687,33261,62160,19669,431715,397,15,18,26,674,484,91182,3932,11523,11,909,36405,1525,1477,2146,37525,11629,994,240326,1749,5499,74,40803,30893,123,443,4191,509,3092,452,117,1087,166422,1857248,507,25385,36359,281270,828,3843,12,1952,328,457,9,419,1089,222
4/6/2020,18054,1197,9831,852,86,26,20197,11221,7246,16805,6522,102,13296,57563,92,45981,58767,18,261,47,12245,2594,40,614941,141,2585,885,63,125,6789,95269,502,1288,828,118292,83027,33466,132,3644,1194,2247,2119,958,9494,12011,4054,18,18319,24,41270,29767,2781,1306,39,1890,300,1636,18,6926,189845,2955,26,801,184472,8885,2952,23,6154,3991,1354,153,2640,5880,1099,3954,1806,226713,28818,164270,8840,25142,17495,234013,3262,591,16911,765,12190,2340,1142,29921,1899,19,1082,1306,4,321,209,82,1687,4027,45,957,393,8247,1872,1461,622,784,335,105680,9018,99,186,324,8003,352,236,25,2634,47148,1504,1118,963,11516,2611,8504,14316,89249,15044,8,1086,183198,20382,25048,33592,63741,19907,440538,410,15,19,26,678,492,93157,4021,11571,11,914,36922,1526,1477,2204,40792,11668,994,240660,1797,5714,82,41883,30913,124,443,4289,509,3101,465,117,1087,167410,1878543,522,25981,37018,283079,832,3939,12,2087,328,464,9,453,1089,237
5/6/2020,18969,1212,9935,852,86,26,21037,11817,7251,16843,6860,102,13835,60391,92,46868,58907,19,261,48,12728,2606,40,645771,141,2627,888,73,125,7392,95947,536,1451,836,122499,83030,36759,136,3764,1228,2247,2133,960,9529,12075,4123,18,18708,24,41575,31115,2849,1306,39,1910,305,1805,18,6941,190180,3101,26,805,184924,9168,2967,23,6485,4060,1368,153,2740,5971,1102,3970,1806,236184,29521,167156,9846,25163,17562,234531,3431,595,16958,784,12312,2474,1142,30644,1936,19,1085,1312,4,334,239,82,1694,4032,45,975,409,8266,1883,1485,625,883,337,110026,9247,99,191,324,8071,380,236,25,2912,47358,1504,1118,966,11844,2790,8522,15086,93983,15463,8,1087,187400,20626,25410,33969,65495,20103,449256,420,15,19,26,680,499,95748,4155,11667,11,929,37183,1526,1479,2246,43434,11719,994,240978,1801,5865,90,42939,30936,124,443,4370,509,3102,485,117,1087,168340,1903854,557,26542,37642,284734,834,4007,12,2145,328,464,9,469,1089,265
6/6/2020,19551,1232,10050,852,88,26,22020,12364,7259,16898,7239,103,14383,63026,92,47751,59072,19,261,54,13358,2606,40,672846,141,2711,888,83,125,7599,96475,542,1570,836,127745,83036,37454,141,3878,1263,2247,2173,960,9567,12124,4169,18,19195,24,42728,32612,2934,1306,39,1931,322,1934,18,6964,190759,3101,26,808,185450,9462,2980,23,6792,4117,1368,154,3072,6155,1105,3990,1806,246622,30514,169425,11098,25183,17752,234801,3557,596,17000,795,12511,2600,1142,31131,1974,19,1086,1320,4,345,256,82,1705,4035,45,1026,424,8303,1901,1523,627,947,337,113619,9511,99,193,324,8151,409,240,29,3235,47541,1504,1118,970,12233,2915,8531,16016,98943,16004,8,1111,191758,21340,25986,34351,67195,20290,458102,431,15,19,26,680,506,98869,4249,11741,11,946,37527,1528,1484,2289,45973,11776,1156,241310,1814,6081,100,43887,30956,132,443,4453,509,3104,487,117,1087,169218,1926538,593,27101,38268,286294,845,4094,12,2316,329,468,9,482,1089,279
7/6/2020,20342,1246,10154,852,91,26,22794,13130,7265,16933,7553,103,14763,65769,92,48630,59226,19,274,59,13643,2655,40,691758,141,2727,889,83,126,7908,97224,554,1634,837,134150,83040,38149,141,4016,1318,2247,2191,964,9628,12148,4207,18,19600,24,43120,34079,3015,1306,39,1939,333,2020,18,6981,191138,3101,26,809,185750,9638,2997,23,7055,4166,1378,154,3334,6327,1106,4008,1807,257486,31186,171789,12366,25201,17863,234998,3739,598,17039,808,12694,2767,1202,31848,2007,19,1088,1331,4,359,294,82,1714,4039,45,1052,438,8322,1903,1533,629,1049,337,117103,9700,99,193,324,8224,424,242,29,3448,47780,1504,1118,973,12486,3025,8547,16882,103671,16425,8,1135,196515,21895,26561,34693,68790,20479,467073,439,15,19,27,684,513,101914,4328,11823,11,969,37910,1528,1485,2334,48285,11814,1317,241550,1835,6162,122,44730,30965,141,443,4529,509,3112,495,117,1087,170132,1944309,616,27599,38808,287625,845,4331,12,2377,331,472,9,484,1144,282
8/6/2020,20917,1263,10265,852,92,26,23620,13325,7267,16968,7876,103,15417,68504,92,49453,59348,19,288,59,13949,2704,42,707412,141,2810,890,83,126,8060,97779,567,1850,839,138846,83043,40847,141,4106,1342,2247,2200,970,9697,12162,4278,18,20126,24,43378,35444,3104,1306,39,1940,340,2156,18,7001,191313,3174,28,812,186109,9910,3049,23,7502,4216,1389,154,3538,6450,1107,4014,1807,265928,32033,173832,13481,25207,18032,235278,3881,599,17060,831,12859,2872,1263,32510,2032,19,1088,1350,4,370,332,82,1720,4040,45,1094,443,8329,1916,1547,630,1104,337,120102,9807,99,194,324,8302,433,244,31,3762,47945,1504,1291,973,12801,3152,8561,17486,108317,16854,8,1145,199696,22474,27160,34885,70158,20604,476043,451,15,19,27,687,513,105283,4427,11896,11,1001,38296,1530,1485,2368,50879,11852,1604,241717,1857,6242,128,45133,30972,144,443,4609,509,3119,497,117,1087,171121,1961781,646,28077,39376,288834,845,4440,12,2473,332,473,9,496,1200,287
9/6/2020,21459,1299,10382,852,96,26,24761,13675,7272,16979,8191,103,15731,71675,92,50265,59437,20,305,59,14644,2728,45,739503,141,2889,891,83,126,8312,98241,585,1869,844,142759,83049,41526,152,4259,1375,2247,2205,972,9751,12201,4331,18,20415,24,43917,36829,3191,1306,39,1947,371,2336,18,7025,191526,3247,28,818,186506,10201,3058,23,7866,4258,1389,156,3662,6935,1107,4017,1807,276146,33076,175927,14268,25215,18180,235561,3995,605,17111,845,13074,2989,1280,33140,2055,19,1089,1368,4,383,359,82,1727,4046,45,1138,455,8336,1942,1586,632,1162,337,124301,10025,99,194,324,8437,453,246,31,4086,48109,1504,1464,974,13464,3239,8576,18198,113702,17233,8,1187,203736,22992,27560,35306,71879,20749,484630,463,15,19,27,688,562,108571,4516,11965,11,1025,38514,1531,1486,2416,52991,11902,1604,241966,1859,6427,137,45924,30988,146,443,4690,509,3121,501,117,1087,172114,1979868,657,28479,39904,290581,846,4520,12,2632,332,481,9,524,1200,314
10/6/2020,22142,1341,10484,852,113,26,25987,14103,7283,17005,8530,103,16200,74865,96,51066,59569,20,305,59,15281,2775,48,772416,141,2993,891,83,126,8681,98720,615,1888,846,148456,83057,42206,162,4390,1461,2249,2211,974,9824,12216,4373,18,20808,24,44440,38284,3274,1306,41,1958,398,2506,18,7040,192068,3375,28,827,186598,10280,3068,23,8221,4315,1389,156,3796,7360,1107,4027,1807,286605,34316,177938,15414,25231,18355,235763,4181,608,17146,863,13319,3094,1298,33823,2093,19,1092,1388,4,397,378,82,1733,4049,45,1162,468,8352,1962,1667,635,1283,337,129184,10321,99,194,324,8508,472,248,31,4364,48294,1504,1464,974,13873,3364,8594,18887,119536,17889,8,1202,208823,23732,27842,35600,73595,20945,493023,476,15,19,27,691,611,112288,4640,12031,11,1062,38965,1533,1488,2452,55421,11947,1637,242280,1869,6582,144,46814,31011,152,443,4763,509,3125,522,117,1087,173036,2000702,665,29015,40507,291588,847,4623,12,2738,332,485,9,560,1200,320
11/6/2020,22890,1385,10589,852,118,26,27373,14669,7289,17034,8882,103,16667,78052,96,51816,59711,20,346,62,16165,2832,48,802828,141,3086,892,85,126,8681,99159,657,1952,848,154092,83064,43810,162,4515,1538,2249,2219,975,9855,12235,4398,18,21437,24,45109,39726,3373,1306,41,1965,449,2670,18,7064,192497,3463,28,831,186691,10358,3088,23,8561,4372,1424,158,3941,7669,1107,4039,1807,297535,35295,180156,16675,25238,18569,236142,4404,611,17187,890,13872,3215,1326,34432,2166,19,1094,1402,4,410,393,82,1752,4052,45,1203,481,8369,1976,1722,640,1439,337,133974,10727,99,197,324,8537,489,260,31,4614,48458,1504,1464,974,14554,3538,8608,19954,125933,18586,8,1230,214788,24175,28201,35910,75071,21182,501800,494,15,19,27,691,632,116021,4759,12102,11,1085,39387,1541,1488,2513,58568,12003,1670,242707,1877,6730,168,48288,31044,164,443,4834,509,3125,524,117,1090,174023,2023590,679,29706,40986,292860,847,4741,12,2814,332,487,9,591,1260,332
12/6/2020,23546,1416,10698,853,130,26,28764,15281,7303,17064,9218,103,17269,81523,96,52520,59819,20,388,62,16929,2893,54,828810,141,3191,892,85,126,8681,99595,697,2044,848,160846,83083,45344,169,4637,1612,2249,2233,980,9938,12299,4441,18,22008,24,45778,41303,3481,1306,53,1970,472,2915,18,7073,193220,3463,28,843,187226,10856,3108,23,8982,4426,1460,159,4053,8132,1108,4053,1807,308993,36406,182525,17770,25250,18795,236305,4684,614,17250,915,14055,3305,1382,34952,2186,19,1096,1422,4,421,409,82,1756,4055,45,1240,505,8402,2003,1752,645,1572,337,139196,11093,99,197,324,8610,509,261,31,5062,48668,1504,1464,978,15181,3701,8620,21071,129169,19211,8,1254,217768,24787,28577,36180,76588,21404,510761,510,15,19,27,694,639,119942,4851,12175,11,1103,39850,1542,1490,2546,61927,12051,1682,243209,1880,6879,187,49684,31063,167,443,4902,509,3129,525,117,1093,175218,2048986,686,30415,41499,294402,847,4869,12,2879,333,489,9,632,1321,343
13/6/2020,24102,1464,10810,853,138,26,30295,16004,7320,17078,9570,103,17713,84379,96,53241,59918,20,412,66,17842,2893,60,850514,141,3266,892,85,128,8681,100043,726,2057,848,167355,83132,46994,176,4724,1662,2251,2238,980,9991,12339,4449,18,22572,24,46356,42980,3603,1306,65,1973,486,3166,18,7087,193746,3463,28,851,187267,11118,3112,23,9491,4484,1460,159,4165,8455,1109,4064,1808,320922,37420,184955,18950,25295,18972,236651,4848,615,17293,953,14238,3457,1437,35466,2207,19,1097,1442,4,446,418,82,1763,4063,45,1252,529,8445,2013,1776,646,1682,337,142690,11459,99,197,324,8692,553,261,32,5335,48847,1504,1464,980,15682,3895,8628,22077,132405,20059,8,1261,220749,25392,29017,36463,78416,21679,519458,541,15,19,27,694,659,123308,4996,12251,11,1132,40197,1545,1492,2579,65736,12085,1693,243605,1884,7007,196,50931,31094,170,443,4971,509,3134,530,120,1094,176677,2074526,694,31177,41990,295828,847,4966,12,2904,334,489,9,705,1357,356
14/6/2020,24766,1521,10919,853,140,26,31577,16667,7335,17109,9957,103,18227,87520,96,53973,60029,20,442,66,18459,2966,60,867624,141,3290,894,85,128,9272,100431,750,2140,850,174293,83181,48896,176,4778,1715,2252,2248,983,10024,12393,4465,18,22962,24,46751,44598,3720,1306,96,1973,490,3345,18,7104,194146,3748,28,864,187518,11964,3121,23,9845,4532,1476,159,4303,8858,1109,4069,1810,332424,38277,187427,20209,25303,19055,236989,5084,617,17369,961,14496,3594,1462,35920,2285,19,1097,1446,4,458,454,82,1768,4070,45,1272,547,8453,2035,1809,649,1783,337,146837,11740,99,197,325,8793,583,261,32,5760,48990,1504,1464,980,16085,4057,8631,23481,144478,21418,8,1289,229736,25930,29392,36690,79602,21999,528267,582,15,19,27,694,661,127541,5090,12310,11,1169,40604,1548,1495,2618,70038,12121,1693,243928,1889,7220,208,51614,31117,177,443,5035,509,3135,530,123,1096,178239,2094058,696,31851,42294,297342,848,5080,12,2978,334,492,9,728,1370,383
15/6/2020,25527,1590,11031,853,142,26,32785,17064,7347,17135,10324,103,19013,90619,97,54680,60100,21,483,67,19073,3040,60,888271,141,3341,894,94,128,9864,100763,760,2222,850,179436,83226,53168,186,4837,1744,2254,2262,985,10064,12417,4501,18,23271,24,47322,46289,3826,1485,109,1974,506,3521,18,7108,194229,4033,30,879,187682,12078,3134,23,10272,4572,1492,165,4441,9178,1112,4076,1810,343091,39294,189876,21315,25321,19237,237290,5439,621,17439,979,15192,3727,1486,36431,2472,19,1097,1464,4,498,467,82,1773,4072,45,1290,555,8494,2065,1860,650,1887,337,150264,11879,99,197,326,8885,609,262,32,6211,49155,1506,1644,998,16658,4157,8647,24524,148921,21690,8,1296,232992,26420,29788,37036,80876,22165,536484,612,15,19,27,694,662,132048,5173,12367,11,1176,40818,1552,1496,2642,73533,12155,1734,244109,1905,7435,229,52383,31131,177,445,5097,509,3135,531,123,1110,179831,2114026,705,32536,42636,298318,848,5263,12,3062,334,505,9,844,1382,387
16/6/2020,26310,1672,11147,854,148,26,34159,17489,7370,17189,10662,104,19553,94481,97,55369,60155,22,532,67,19883,3085,70,923189,141,3453,895,104,128,9864,101087,781,2410,853,184449,83265,54126,197,4974,1796,2255,2273,985,10111,12450,4539,18,23686,24,47943,47856,3941,1664,121,1975,520,3630,18,7112,194502,4114,34,884,188252,12193,3148,23,10706,4639,1492,171,4547,9656,1116,4077,1812,354065,40400,192439,22700,25334,19495,237500,5679,624,17484,981,15542,3860,1486,36958,2562,19,1098,1473,4,509,484,82,1776,4075,45,1317,564,8505,2094,1885,656,2057,337,154863,12254,99,197,330,8931,638,262,34,6591,49295,1506,1823,1016,17148,4299,8660,25269,154760,21962,8,1303,237156,26781,30195,37336,82077,22415,544725,636,15,19,29,694,671,136315,5247,12426,11,1225,40969,1556,1499,2658,76334,12198,1776,244328,1915,7740,236,53323,31154,177,445,5160,509,3135,537,123,1125,181298,2137731,724,33209,42982,299600,849,5493,12,3150,334,514,9,885,1405,391
17/6/2020,26874,1722,11268,854,155,26,35552,18033,7391,17203,10991,104,19961,98489,97,56032,60244,22,572,67,20685,3141,79,955377,141,3542,899,104,128,9864,101491,792,2564,854,220628,83293,55083,204,5100,1871,2258,2280,985,10162,12494,4545,18,24105,24,48490,49219,4066,1664,131,1977,563,3759,18,7117,194815,4229,34,888,188604,12590,3203,23,11251,4668,1492,177,4688,10299,1120,4078,1815,366946,41431,195051,24254,25341,19783,237828,6063,626,17530,987,15877,4044,1486,37533,2657,19,1104,1489,4,516,500,82,1778,4085,45,1378,572,8515,2120,1890,662,2223,337,159793,12732,99,201,333,8997,651,274,36,7177,49412,1507,1823,1020,17735,4482,8692,26079,160118,22597,8,1308,240908,27238,30701,37672,83174,22760,552549,639,15,19,29,696,683,141234,5369,12522,11,1249,41216,1561,1503,2696,80412,12257,1813,244683,1924,8020,261,54562,31187,178,445,5221,509,3138,544,123,1128,182727,2163290,732,33986,43364,300717,849,5682,12,3386,335,555,9,902,1412,401
18/6/2020,27532,1788,11385,855,166,26,37510,18698,7409,17223,11329,104,20430,102292,97,56657,60348,22,597,67,21499,3174,84,978142,141,3674,899,104,129,10251,101877,823,2605,854,225103,83325,57202,210,5283,1939,2269,2295,985,10280,12544,4557,18,24645,24,49097,50437,4200,1664,142,1977,586,3954,18,7119,195272,4340,36,893,189817,12929,3227,23,11868,4841,1516,183,4916,10739,1124,4079,1816,380532,42762,197647,25717,25355,20036,238011,6444,638,17588,1001,16328,4257,1486,38074,2723,19,1108,1495,4,542,510,82,1784,4091,45,1403,592,8529,2137,1906,663,2424,337,165455,13106,99,204,337,9074,662,286,39,7848,49527,1507,1823,1020,18480,4664,8708,26818,165062,23351,8,1330,244388,27799,31015,38089,84441,23080,560321,646,15,19,29,696,688,145991,5475,12616,11,1272,41473,1568,1511,2719,83890,12306,1830,245268,1947,8168,277,56043,31200,187,446,5279,509,3141,547,123,1132,184031,2191052,741,34833,43752,301935,850,5767,12,3483,342,600,9,909,1416,463
19/6/2020,27878,1838,11504,855,172,26,39570,19157,7433,17271,11767,104,20916,105535,97,57333,60476,22,650,68,22476,3273,89,1032913,141,3755,900,104,129,10638,102314,848,2646,858,231393,83347,60387,228,5477,2058,2280,2305,985,10406,12591,4565,18,25068,24,49731,52211,4329,1664,142,1979,623,4070,18,7133,196083,4428,36,896,190299,13203,3237,23,12509,4904,1541,183,4980,11258,1124,4081,1819,395048,43803,200262,27352,25368,20339,238143,6874,652,17658,1008,16779,4374,1486,38678,2789,19,1110,1510,4,581,520,82,1792,4099,45,1443,620,8535,2150,1923,663,2621,337,170485,13556,99,204,355,9613,668,286,45,8274,49634,1509,1823,1028,19147,4820,8726,27670,171666,24274,8,1336,247925,28459,31316,38464,85462,23400,568292,661,15,19,29,696,693,150292,5639,12709,11,1298,41615,1576,1513,2737,87715,12373,1864,245575,1950,8316,293,58076,31235,192,446,5338,509,3146,555,123,1146,185245,2222579,755,35755,44145,303285,853,5946,12,3591,349,675,9,919,1430,479
20/6/2020,28424,1891,11631,855,176,26,41204,19708,7461,17323,12238,104,21331,108775,97,57936,60550,22,708,68,23512,3273,89,1067579,141,3872,901,124,129,11610,102762,863,2686,858,236748,83380,63454,247,5672,2127,2299,2309,985,10448,12591,4574,18,25778,24,50186,53758,4475,1664,143,1981,627,4469,18,7142,196724,4428,37,898,190670,13717,3256,23,12755,4960,1541,183,5077,12306,1128,4086,1822,410451,45029,202584,29222,25374,20633,238275,7276,657,17725,1015,17225,4478,1486,39145,2981,19,1111,1536,4,601,544,82,1795,4105,45,1503,675,8556,2187,1933,664,2813,337,175202,13953,99,206,359,9839,688,287,46,8605,49710,1511,1823,1035,19808,5005,8742,28566,176617,25222,8,1362,251338,29400,31620,38841,86488,23730,576162,702,15,19,29,696,698,154233,5783,12803,11,1309,41833,1586,1519,2755,92681,12421,1882,245938,1950,8580,303,58591,31243,198,446,5399,509,3147,561,123,1156,186493,2255297,763,36615,44533,304580,859,6153,12,3789,349,784,9,922,1430,484
21/6/2020,28833,1962,11771,855,183,26,42785,20268,7473,17341,12729,104,21764,112306,97,58505,60550,22,765,68,24388,3399,89,1083341,141,3905,903,144,129,11892,103094,890,2808,858,242355,83399,68836,247,5826,2213,2317,2312,986,10498,12659,4582,18,26677,24,50640,55233,4626,1664,143,1981,635,4532,18,7143,197183,4584,37,906,191272,14154,3266,23,13145,4988,1548,194,5144,12769,1131,4094,1823,425282,45891,204952,30868,25379,20778,238499,7492,659,17780,1033,17732,4738,1828,39650,3356,19,1111,1587,8,626,571,82,1798,4120,45,1596,730,8572,2203,1947,665,2984,337,180545,14200,100,213,362,9977,733,290,55,9026,49801,1513,1823,1036,20244,5106,8745,29471,181088,26030,8,1379,254936,30052,31931,39133,87369,24045,583879,728,15,19,29,696,698,157612,5888,12894,11,1327,42095,1587,1520,2779,97302,12438,1892,246272,1950,8639,314,58848,31292,204,446,5457,509,3148,569,123,1157,187685,2281655,770,37361,44925,305803,876,6315,12,3917,349,833,9,941,1430,489
22/6/2020,29157,1995,11920,855,186,26,44931,20588,7496,17380,13207,104,22407,115786,97,59023,60680,23,807,68,25493,3525,89,1106470,141,3984,903,144,130,12041,103418,944,2963,858,246963,83418,71367,256,5924,2277,2336,2315,988,10523,12727,4599,18,27370,24,51142,56809,4808,1664,143,1981,643,4663,18,7149,197381,4739,41,908,191768,14361,3287,23,13769,5014,1556,205,5211,13356,1161,4102,1823,440215,46845,207525,32676,25383,21082,238720,7677,665,17820,1042,18231,4797,2169,40291,3541,19,1111,1603,12,650,595,82,1801,4126,45,1640,749,8587,2217,1961,665,3121,340,185122,14363,101,215,367,10172,737,291,63,9561,49866,1515,1996,1046,20919,5196,8751,31076,185034,26752,9,1392,257447,30682,32227,39392,88403,24291,591465,787,15,19,29,697,702,161005,5970,12990,11,1340,42313,1588,1527,2812,101590,12484,1916,246504,1970,8698,319,59842,31310,219,446,5513,509,3151,572,123,1159,188897,2312302,774,38056,45303,306761,882,6461,12,4048,349,1001,10,967,1454,512
23/6/2020,29481,2047,12076,855,189,26,47203,21006,7521,17408,13715,104,23062,119198,97,59487,60810,23,850,70,26389,3588,89,1145906,141,4114,907,144,130,12270,103767,982,3051,860,250767,83431,73760,265,6027,2368,2366,2318,990,10650,12761,4617,18,27936,24,51643,58141,4973,1664,143,1982,674,4848,18,7155,197633,4849,42,911,192480,14568,3302,23,14540,5040,1556,206,5324,13943,1177,4107,1824,456183,47896,209970,34502,25391,21512,238833,7904,670,17879,1047,18765,4952,2169,41033,3726,19,1111,1622,17,652,639,82,1803,4133,45,1724,803,8590,2238,1978,665,3292,340,191410,14714,101,215,378,10344,757,292,72,10099,49930,1516,2170,1051,21371,5311,8772,32394,188926,27314,9,1422,260810,31825,32527,39737,89579,24505,598878,798,15,19,29,698,707,164144,6034,13092,11,1347,42432,1598,1534,2824,106108,12535,1930,246752,1991,8889,338,60837,31332,231,446,5567,509,3156,576,123,1159,190165,2347022,797,38901,45683,307682,885,6662,12,4187,349,1169,10,992,1477,525
24/6/2020,29640,2114,12248,855,197,26,49851,21717,7558,17449,14305,104,23570,122660,97,59945,60898,23,902,70,27487,3676,92,1188631,141,4242,919,144,130,12592,104087,999,3099,860,254416,83449,73760,265,6213,2515,2388,2319,991,10777,12815,4630,18,28631,24,51643,59561,5150,1664,144,1983,690,5034,18,7167,197885,4956,42,914,192871,15013,3310,23,14819,5174,1556,209,5429,14571,1179,4114,1824,473105,49009,212501,36702,25396,22044,239410,8164,678,17963,1071,19285,5206,2169,41879,3954,19,1111,1644,17,662,670,82,1804,4140,45,1787,941,8596,2261,2005,665,3519,341,196847,15078,102,216,389,10907,762,293,76,10728,50012,1519,2170,1051,22020,5445,8788,33536,192970,28030,10,1528,264689,32295,32821,40104,90778,24826,606043,830,15,19,29,698,710,167267,6129,13235,11,1354,42623,1607,1541,2835,111796,12563,1942,247086,2001,8889,357,62324,31376,231,446,5630,509,3158,583,123,1160,191657,2381493,805,39852,46133,308337,902,6990,12,4366,352,1328,10,1015,1489,530
